"Fri, Oct 7",Buffalo,Anaheim,4,1,30,25,0,5,2,4
"Sat, Oct 8",Anaheim,NY Rangers,2,1,28,15,0,6,7,7
"Fri, Oct 14",Anaheim,San Jose,1,0,23,31,0,2,4,4
"Sun, Oct 16",Anaheim,St. Louis,4,2,23,30,1,4,4,4
"Mon, Oct 17",San Jose,Anaheim,2,3,22,43,1,3,5,6
"Fri, Oct 21",Anaheim,Dallas,1,3,36,19,1,5,1,1
"Sun, Oct 23",Anaheim,Arizona,4,5,33,35,0,4,3,3
"Tue, Oct 25",Chicago,Anaheim,3,2,31,35,1,6,3,3
"Thu, Oct 27",Minnesota,Anaheim,2,3,16,25,2,6,3,5
"Sat, Oct 29",Nashville,Anaheim,3,0,20,29,0,1,5,6
"Sun, Oct 30",Columbus,Anaheim,3,1,20,21,0,3,2,3
"Tue, Nov 1",Washington,Anaheim,5,4,15,40,1,1,3,3
"Thu, Nov 3",NY Rangers,Anaheim,2,1,28,25,0,2,4,4
"Sat, Nov 5",Detroit,Anaheim,5,0,22,50,0,5,3,4
"Wed, Nov 9",Anaheim,Nashville,2,4,33,32,0,5,3,3
"Fri, Nov 11",Anaheim,Vancouver,4,3,21,41,2,5,4,5
"Sun, Nov 13",Anaheim,Minnesota,2,3,34,26,0,3,4,4
"Wed, Nov 16",Los Angeles,Anaheim,2,1,24,37,1,4,5,6
"Thu, Nov 17",Anaheim,Los Angeles,3,5,38,36,1,4,3,4
"Sun, Nov 20",Anaheim,Detroit,2,4,34,30,1,5,6,6
"Wed, Nov 23",Arizona,Anaheim,4,2,21,29,0,2,7,8
"Fri, Nov 25",Anaheim,Chicago,5,6,28,42,1,3,5,7
"Sun, Nov 27",Anaheim,Toronto,2,5,28,28,1,2,3,4
"Wed, Nov 30",Anaheim,Montreal,4,1,27,20,2,7,7,7
"Fri, Dec 2",Anaheim,Philadelphia,3,4,22,47,1,3,6,9
"Sun, Dec 4",Anaheim,Minnesota,3,5,27,36,1,3,2,3
"Tue, Dec 6",Anaheim,Los Angeles,3,2,27,39,0,2,2,2
"Thu, Dec 8",St. Louis,Anaheim,4,2,23,24,0,2,1,1
"Sat, Dec 10",Nashville,Anaheim,3,2,17,28,0,2,3,4
"Wed, Dec 14",Anaheim,Arizona,4,1,28,20,1,4,2,3
"Fri, Dec 16",Chicago,Anaheim,4,1,25,24,0,3,2,3
"Sat, Dec 17",Winnipeg,Anaheim,5,3,36,31,1,4,1,2
"Mon, Dec 19",Dallas,Anaheim,5,3,28,33,2,3,3,5
"Thu, Dec 22",Los Angeles,Anaheim,3,2,22,34,0,3,4,4
"Mon, Dec 26",San Jose,Anaheim,2,3,23,38,0,2,2,2
"Thu, Dec 29",Anaheim,Vancouver,2,5,32,31,0,6,1,1
"Sat, Dec 31",Anaheim,Colorado,2,4,20,26,0,2,1,2
"Wed, Jan 4",Anaheim,San Jose,1,3,27,36,0,4,4,4
"Fri, Jan 6",Anaheim,NY Islanders,4,2,20,21,0,2,3,3
"Sun, Jan 8",Anaheim,Columbus,7,4,27,18,2,5,2,3
"Tue, Jan 10",Anaheim,Dallas,5,2,26,28,0,3,3,3
"Thu, Jan 12",Calgary,Anaheim,1,0,23,19,0,1,2,2
"Fri, Jan 13",Edmonton,Anaheim,0,5,28,33,2,3,2,2
"Sun, Jan 15",Vancouver,Anaheim,2,4,34,23,1,3,2,3
"Wed, Jan 18",Anaheim,Arizona,6,2,21,27,1,1,4,4
"Sat, Jan 21",Anaheim,Ottawa,2,1,29,32,0,3,2,2
"Sun, Jan 22",Anaheim,Colorado,3,2,18,45,1,3,3,4
"Tue, Jan 24",Dallas,Anaheim,1,0,27,16,0,2,0,0
"Tue, Jan 31",Arizona,Anaheim,1,4,30,26,1,3,3,3
"Wed, Feb 1",Anaheim,Dallas,2,6,35,26,0,4,2,3
"Fri, Feb 3",Anaheim,Columbus,2,3,35,21,1,5,3,4
"Mon, Feb 6",Anaheim,Calgary,3,2,33,26,0,5,3,4
"Wed, Feb 8",Anaheim,Carolina,3,2,34,33,0,1,2,2
"Fri, Feb 10",Detroit,Anaheim,2,1,30,24,0,7,6,6
"Sun, Feb 12",Columbus,Anaheim,3,5,35,27,3,4,3,5
"Tue, Feb 14",Minnesota,Anaheim,1,2,25,18,0,4,2,3
"Wed, Feb 15",Pittsburgh,Anaheim,1,2,29,26,0,3,1,1
"Fri, Feb 17",New Jersey,Anaheim,3,2,38,27,0,3,1,1
"Sun, Feb 19",Florida,Anaheim,0,2,27,31,0,2,4,4
"Tue, Feb 21",Tampa Bay,Anaheim,3,2,30,16,0,2,1,2
"Thu, Feb 23",Carolina,Anaheim,2,3,37,32,1,5,1,2
"Sun, Feb 26",Anaheim,Chicago,3,1,38,19,1,3,2,3
"Mon, Feb 27",Colorado,Anaheim,4,1,28,23,1,3,1,1
"Wed, Feb 29",Anaheim,Buffalo,0,2,43,24,0,2,4,5
"Fri, Mar 2",Anaheim,Calgary,3,2,38,29,0,4,4,5
"Sat, Mar 3",Los Angeles,Anaheim,4,2,31,20,0,4,2,4
"Mon, Mar 5",Anaheim,Edmonton,4,2,30,36,1,2,0,1
"Thu, Mar 8",St. Louis,Anaheim,3,1,25,27,0,3,2,4
"Sat, Mar 10",Dallas,Anaheim,2,0,21,23,0,4,4,5
"Mon, Mar 12",Colorado,Anaheim,3,2,40,33,1,1,1,1
"Wed, Mar 14",Anaheim,Detroit,4,0,24,23,0,2,3,3
"Fri, Mar 16",Anaheim,Los Angeles,2,4,20,43,1,3,3,3
"Sun, Mar 18",Anaheim,Nashville,1,3,31,27,0,1,3,4
"Mon, Mar 19",San Jose,Anaheim,3,5,40,30,1,2,2,3
"Wed, Mar 21",Anaheim,St. Louis,4,3,22,38,1,4,2,2
"Sun, Mar 25",Anaheim,Boston,2,3,27,25,1,3,2,2
"Wed, Mar 28",Anaheim,San Jose,3,1,27,29,0,0,1,1
"Sat, Mar 31",Arizona,Anaheim,4,0,44,29,0,6,1,4
"Sun, Apr 1",Anaheim,Edmonton,1,2,33,15,0,5,1,1
"Tue, Apr 3",Vancouver,Anaheim,5,4,24,39,1,3,5,5
"Thu, Apr 5",Edmonton,Anaheim,2,3,17,26,0,1,1,1
"Sat, Apr 7",Calgary,Anaheim,5,2,25,23,1,5,3,3
"Sat, Oct 8",San Jose,Arizona,6,3,29,52,3,7,3,6
"Mon, Oct 10",Dallas,Arizona,2,1,41,25,1,7,7,7
"Thu, Oct 13",Nashville,Arizona,2,5,31,25,0,2,3,3
"Sat, Oct 15",Arizona,Winnipeg,4,1,34,19,1,5,4,4
"Tue, Oct 18",Arizona,Chicago,2,5,16,35,0,3,4,5
"Thu, Oct 20",Arizona,Los Angeles,0,2,28,22,0,3,2,3
"Tue, Oct 25",Arizona,Dallas,2,3,35,36,1,4,2,3
"Thu, Oct 27",Arizona,New Jersey,5,3,42,34,1,4,1,1
"Sat, Oct 29",Arizona,Los Angeles,3,2,33,39,0,2,4,4
"Wed, Nov 2",Colorado,Arizona,1,4,28,40,0,1,4,4
"Thu, Nov 3",Arizona,Nashville,0,3,35,31,0,3,2,2
"Sat, Nov 5",Arizona,Edmonton,4,2,30,26,1,2,2,2
"Thu, Nov 10",Arizona,Montreal,2,3,34,36,0,2,1,1
"Sat, Nov 12",San Jose,Arizona,0,3,23,31,0,3,4,4
"Tue, Nov 15",Toronto,Arizona,2,3,35,37,0,2,1,2
"Thu, Nov 17",Philadelphia,Arizona,2,1,31,42,0,4,3,3
"Sat, Nov 19",Buffalo,Arizona,2,4,29,45,0,2,1,1
"Mon, Nov 21",Washington,Arizona,4,3,23,31,0,2,4,5
"Fri, Nov 25",Arizona,Vancouver,0,5,22,37,0,3,5,5
"Sat, Nov 26",Arizona,Dallas,3,0,39,26,0,1,1,1
"Tue, Nov 29",Chicago,Arizona,1,4,24,25,0,2,1,1
"Thu, Dec 1",Winnipeg,Arizona,1,0,33,31,0,2,3,3
"Sat, Dec 3",Arizona,Philadelphia,2,4,38,30,0,4,1,3
"Mon, Dec 5",Chicago,Arizona,3,4,27,35,0,1,2,3
"Tue, Dec 6",Nashville,Arizona,2,3,35,32,0,1,2,3
"Thu, Dec 8",Detroit,Arizona,5,2,32,32,1,5,4,5
"Sat, Dec 10",Arizona,Minnesota,1,4,36,20,0,4,1,4
"Thu, Dec 15",Arizona,Edmonton,4,2,42,20,0,3,1,3
"Sat, Dec 17",Arizona,NY Rangers,2,3,23,30,1,2,5,6
"Tue, Dec 20",Florida,Arizona,1,2,22,28,2,7,4,4
"Wed, Dec 21",Carolina,Arizona,3,4,19,37,1,1,3,3
"Fri, Dec 23",Arizona,St. Louis,2,3,26,18,0,3,3,3
"Mon, Dec 26",Los Angeles,Arizona,4,3,29,35,0,2,3,3
"Wed, Dec 28",Arizona,Boston,1,2,22,29,0,1,0,0
"Thu, Dec 29",Colorado,Arizona,3,2,27,35,0,5,5,5
"Sat, Dec 31",Minnesota,Arizona,2,4,30,30,1,3,1,1
"Tue, Jan 3",St. Louis,Arizona,4,1,35,31,1,4,1,2
"Thu, Jan 5",Los Angeles,Arizona,1,0,22,28,0,1,1,1
"Sat, Jan 7",Arizona,NY Islanders,5,1,25,32,0,3,1,2
"Tue, Jan 10",NY Rangers,Arizona,2,1,19,32,0,0,1,1
"Thu, Jan 12",Detroit,Arizona,3,2,27,42,0,2,2,2
"Fri, Jan 13",Columbus,Arizona,4,3,35,32,0,1,1,1
"Mon, Jan 16",Arizona,Colorado,6,1,33,39,1,3,0,0
"Thu, Jan 19",Arizona,Detroit,2,3,33,35,0,2,5,5
"Sat, Jan 21",Arizona,Tampa Bay,3,4,36,21,1,4,2,2
"Tue, Jan 24",Arizona,Ottawa,3,2,26,34,0,3,3,3
"Sat, Feb 4",Arizona,San Jose,5,3,24,35,0,3,1,2
"Mon, Feb 6",Arizona,Detroit,3,1,23,31,1,4,3,4
"Tue, Feb 7",Dallas,Arizona,1,4,24,29,0,1,4,4
"Thu, Feb 9",Arizona,Calgary,2,1,35,24,1,3,3,3
"Sat, Feb 11",Arizona,Chicago,3,0,27,38,0,1,3,3
"Mon, Feb 13",Vancouver,Arizona,2,1,24,22,0,2,3,3
"Thu, Feb 16",Los Angeles,Arizona,0,1,21,28,1,5,3,3
"Sat, Feb 18",Arizona,Dallas,2,1,33,31,0,5,4,5
"Tue, Feb 21",Arizona,Los Angeles,5,4,29,29,3,7,2,3
"Thu, Feb 23",Calgary,Arizona,3,4,29,24,0,2,2,3
"Sat, Feb 25",Edmonton,Arizona,1,3,20,22,0,1,1,1
"Tue, Feb 28",Arizona,Vancouver,2,1,35,40,0,4,2,3
"Thu, Mar 1",Arizona,Calgary,2,4,31,31,1,6,1,2
"Sat, Mar 3",Arizona,Columbus,2,5,32,26,1,4,4,4
"Mon, Mar 5",Pittsburgh,Arizona,2,1,37,28,0,2,1,1
"Tue, Mar 6",Columbus,Arizona,3,2,40,32,0,5,3,3
"Thu, Mar 8",Arizona,Minnesota,2,3,41,24,0,4,1,1
"Sat, Mar 10",Arizona,San Jose,3,0,29,42,0,1,3,3
"Mon, Mar 12",Arizona,Nashville,4,5,35,35,0,1,3,3
"Wed, Mar 14",Vancouver,Arizona,4,5,33,43,2,2,1,3
"Thu, Mar 15",Calgary,Arizona,4,1,28,19,0,3,2,2
"Sun, Mar 18",Edmonton,Arizona,2,3,42,38,0,2,2,2
"Tue, Mar 20",Dallas,Arizona,4,3,30,33,1,4,3,4
"Thu, Mar 22",Arizona,Colorado,3,2,25,41,0,5,2,2
"Sat, Mar 24",San Jose,Arizona,4,3,27,32,0,1,5,5
"Sun, Mar 25",Arizona,St. Louis,0,4,20,29,0,4,1,3
"Thu, Mar 29",Arizona,San Jose,2,0,33,38,1,1,1,1
"Tue, Apr 3",Arizona,Columbus,2,0,22,54,0,1,7,7
"Fri, Apr 6",St. Louis,Arizona,1,4,32,32,0,6,6,6
"Sat, Apr 7",Minnesota,Arizona,1,4,28,24,0,5,5,5
"Thu, Oct 6",Boston,Philadelphia,1,2,23,29,1,5,3,4
"Sat, Oct 8",Boston,Tampa Bay,4,1,42,26,0,6,5,5
"Mon, Oct 10",Boston,Colorado,0,1,30,36,0,2,3,3
"Wed, Oct 12",Carolina,Boston,3,2,28,34,0,5,3,4
"Sat, Oct 15",Chicago,Boston,2,3,37,29,0,3,3,3
"Tue, Oct 18",Boston,Carolina,1,4,34,23,1,4,7,9
"Thu, Oct 20",Boston,Toronto,6,2,43,28,2,5,4,4
"Sat, Oct 22",Boston,San Jose,2,4,39,30,0,2,1,1
"Thu, Oct 27",Boston,Montreal,1,2,30,35,1,6,2,2
"Sat, Oct 29",Montreal,Boston,4,2,28,27,0,2,4,6
"Tue, Nov 1",Boston,Ottawa,5,3,41,26,1,7,3,3
"Sat, Nov 5",Toronto,Boston,0,7,20,25,1,2,4,4
"Mon, Nov 7",Boston,NY Islanders,6,2,37,26,1,1,4,4
"Thu, Nov 10",Boston,Edmonton,6,3,28,30,2,5,4,5
"Sat, Nov 12",Boston,Buffalo,6,2,35,23,0,3,3,4
"Tue, Nov 15",Boston,New Jersey,4,3,37,30,0,2,4,5
"Thu, Nov 17",Boston,Columbus,2,1,27,31,0,2,2,3
"Sat, Nov 19",NY Islanders,Boston,0,6,30,23,1,5,1,1
"Mon, Nov 21",Montreal,Boston,0,1,18,33,0,1,4,4
"Wed, Nov 23",Buffalo,Boston,3,4,39,34,2,5,2,4
"Fri, Nov 25",Boston,Detroit,2,3,43,31,0,2,3,3
"Sat, Nov 26",Boston,Winnipeg,4,2,36,42,1,6,4,4
"Wed, Nov 30",Toronto,Boston,3,6,40,37,1,5,1,2
"Sat, Dec 3",Boston,Toronto,4,1,30,22,0,2,4,4
"Mon, Dec 5",Pittsburgh,Boston,1,3,27,46,1,5,5,5
"Tue, Dec 6",Winnipeg,Boston,2,1,40,35,0,3,3,3
"Thu, Dec 8",Boston,Florida,0,2,40,30,0,4,1,1
"Sat, Dec 10",Columbus,Boston,3,5,29,36,3,6,5,6
"Tue, Dec 13",Boston,Los Angeles,3,0,22,41,0,3,5,5
"Wed, Dec 14",Ottawa,Boston,2,5,29,49,0,0,5,5
"Sat, Dec 17",Philadelphia,Boston,0,6,37,31,3,8,6,6
"Mon, Dec 19",Boston,Montreal,3,2,31,35,0,3,2,2
"Fri, Dec 23",Boston,Florida,8,0,35,30,2,5,2,2
"Sat, Dec 31",Dallas,Boston,4,2,20,27,0,3,4,6
"Wed, Jan 4",New Jersey,Boston,1,6,27,31,1,3,2,3
"Thu, Jan 5",Boston,Calgary,9,0,42,25,1,2,2,2
"Sat, Jan 7",Boston,Vancouver,3,4,39,36,0,7,7,11
"Tue, Jan 10",Boston,Winnipeg,5,3,42,32,1,3,4,4
"Thu, Jan 12",Boston,Montreal,2,1,30,34,0,5,1,2
"Sat, Jan 14",Carolina,Boston,4,2,35,21,0,2,0,0
"Mon, Jan 16",Florida,Boston,2,3,35,40,1,2,3,3
"Tue, Jan 17",Tampa Bay,Boston,5,3,29,31,0,3,4,4
"Thu, Jan 19",New Jersey,Boston,1,4,25,31,1,1,1,1
"Sat, Jan 21",Boston,NY Rangers,2,3,34,33,0,4,2,3
"Sun, Jan 22",Philadelphia,Boston,5,6,37,38,1,5,5,8
"Tue, Jan 24",Washington,Boston,5,3,32,23,1,2,1,1
"Tue, Jan 31",Boston,Ottawa,4,3,30,33,2,4,0,0
"Thu, Feb 2",Boston,Carolina,0,3,47,31,0,2,4,4
"Sat, Feb 4",Boston,Pittsburgh,1,2,29,28,0,2,2,3
"Sun, Feb 5",Washington,Boston,1,4,30,36,0,3,1,1
"Wed, Feb 8",Buffalo,Boston,6,0,36,29,0,0,2,2
"Sat, Feb 11",Boston,Nashville,4,3,41,22,1,4,2,3
"Tue, Feb 14",Boston,NY Rangers,0,3,42,20,0,1,0,1
"Wed, Feb 15",Montreal,Boston,3,4,34,29,1,6,4,4
"Fri, Feb 17",Winnipeg,Boston,4,2,33,25,0,2,2,2
"Sun, Feb 19",Minnesota,Boston,2,0,48,29,0,1,0,1
"Wed, Feb 22",St. Louis,Boston,2,4,19,32,0,1,1,1
"Fri, Feb 24",Buffalo,Boston,2,1,36,27,1,4,0,0
"Sat, Feb 25",Ottawa,Boston,3,5,38,30,1,2,2,2
"Tue, Feb 28",Boston,Ottawa,0,1,32,38,0,4,2,3
"Thu, Mar 1",Boston,New Jersey,4,3,25,31,0,3,3,3
"Sat, Mar 3",Boston,NY Islanders,2,3,34,25,1,5,2,3
"Sun, Mar 4",NY Rangers,Boston,4,3,33,17,0,3,1,1
"Tue, Mar 6",Toronto,Boston,4,5,33,29,0,2,3,5
"Thu, Mar 8",Boston,Buffalo,3,1,28,20,0,1,1,1
"Sat, Mar 10",Boston,Washington,3,4,33,30,0,2,2,3
"Sun, Mar 11",Pittsburgh,Boston,5,2,36,32,0,2,3,4
"Tue, Mar 13",Tampa Bay,Boston,6,1,34,17,0,3,2,3
"Thu, Mar 15",Florida,Boston,6,2,26,29,1,2,2,3
"Sat, Mar 17",Boston,Philadelphia,3,2,33,29,0,2,3,4
"Mon, Mar 19",Boston,Toronto,8,0,24,13,2,2,2,2
"Thu, Mar 22",San Jose,Boston,2,1,17,27,0,1,1,1
"Sat, Mar 24",Los Angeles,Boston,2,4,26,42,0,1,4,4
"Tue, Mar 27",Boston,Tampa Bay,5,2,38,18,0,5,3,4
"Thu, Mar 29",Boston,Washington,2,3,28,23,0,1,1,1
"Sat, Mar 31",NY Islanders,Boston,3,6,27,22,0,1,2,2
"Sun, Apr 1",NY Rangers,Boston,1,2,21,34,1,2,3,3
"Tue, Apr 3",Boston,Pittsburgh,3,5,29,27,0,1,2,4
"Thu, Apr 5",Ottawa,Boston,1,3,27,45,0,3,3,3
"Sat, Apr 7",Boston,Buffalo,4,3,40,28,1,4,1,1
"Sat, Oct 8",Los Angeles,Buffalo,2,4,26,33,1,4,2,3
"Fri, Oct 14",Buffalo,Carolina,3,4,42,34,0,6,5,6
"Sat, Oct 15",Pittsburgh,Buffalo,2,3,28,31,0,1,2,2
"Tue, Oct 18",Montreal,Buffalo,1,3,23,41,0,1,5,5
"Thu, Oct 20",Florida,Buffalo,0,3,38,22,1,3,1,1
"Sat, Oct 22",Tampa Bay,Buffalo,3,0,21,26,0,3,1,1
"Tue, Oct 25",Buffalo,Tampa Bay,3,4,39,23,0,3,3,3
"Thu, Oct 27",Buffalo,Columbus,4,2,26,43,2,3,6,6
"Sat, Oct 29",Buffalo,Florida,2,3,26,36,1,4,4,5
"Wed, Nov 2",Buffalo,Philadelphia,2,3,31,26,0,5,3,3
"Fri, Nov 4",Buffalo,Calgary,2,1,44,30,0,3,3,3
"Sat, Nov 5",Ottawa,Buffalo,2,3,33,27,0,2,2,2
"Tue, Nov 8",Buffalo,Winnipeg,6,5,45,31,4,12,4,5
"Fri, Nov 11",Buffalo,Ottawa,5,1,21,37,0,5,3,4
"Mon, Nov 14",Montreal,Buffalo,2,3,32,27,0,4,5,6
"Wed, Nov 16",Buffalo,New Jersey,3,5,32,21,1,4,3,4
"Fri, Nov 18",Carolina,Buffalo,0,1,20,34,1,2,3,3
"Fri, Nov 25",Columbus,Buffalo,5,1,29,34,0,3,4,5
"Sat, Nov 26",Buffalo,Washington,5,1,28,27,0,2,4,4
"Tue, Nov 29",Buffalo,NY Islanders,1,2,31,30,0,4,2,3
"Fri, Dec 2",Buffalo,Detroit,1,4,28,36,0,4,4,5
"Sat, Dec 3",Nashville,Buffalo,2,3,14,34,0,3,2,3
"Wed, Dec 7",Buffalo,Philadelphia,4,5,24,34,2,4,1,1
"Fri, Dec 9",Buffalo,Florida,2,1,20,23,0,5,3,4
"Sat, Dec 10",Buffalo,NY Rangers,1,4,33,33,0,3,3,4
"Tue, Dec 13",Buffalo,Ottawa,2,3,29,44,0,3,4,4
"Fri, Dec 16",Buffalo,Toronto,5,4,29,33,3,6,1,2
"Sat, Dec 17",Pittsburgh,Buffalo,8,3,19,26,0,2,2,5
"Tue, Dec 20",Ottawa,Buffalo,4,1,23,39,1,4,2,3
"Thu, Dec 22",Toronto,Buffalo,3,2,42,31,1,6,6,6
"Mon, Dec 26",Buffalo,Washington,4,2,23,22,2,5,3,4
"Wed, Dec 28",New Jersey,Buffalo,3,1,23,23,1,4,2,2
"Fri, Dec 30",Washington,Buffalo,3,1,26,21,0,1,1,2
"Sat, Dec 31",Buffalo,Ottawa,2,3,28,46,1,5,5,5
"Tue, Jan 3",Buffalo,Edmonton,4,3,33,26,0,2,2,3
"Fri, Jan 6",Carolina,Buffalo,4,2,33,35,0,2,2,4
"Sat, Jan 7",Buffalo,Winnipeg,1,2,32,41,1,4,3,4
"Tue, Jan 10",Toronto,Buffalo,2,0,32,28,0,0,3,4
"Fri, Jan 13",Buffalo,Toronto,3,2,25,26,0,2,4,4
"Sat, Jan 14",NY Islanders,Buffalo,4,2,25,40,0,1,2,2
"Mon, Jan 16",Detroit,Buffalo,5,0,27,26,0,3,4,4
"Wed, Jan 18",Chicago,Buffalo,6,2,27,35,1,4,2,4
"Thu, Jan 19",Winnipeg,Buffalo,4,1,26,33,0,2,2,4
"Sat, Jan 21",St. Louis,Buffalo,4,2,21,27,1,3,1,2
"Tue, Jan 24",New Jersey,Buffalo,1,2,14,28,0,1,1,2
"Tue, Jan 31",Montreal,Buffalo,1,3,40,28,0,3,1,1
"Wed, Feb 1",Buffalo,NY Rangers,0,1,34,29,0,5,2,2
"Sat, Feb 4",NY Islanders,Buffalo,3,4,37,38,0,1,2,2
"Fri, Feb 10",Buffalo,Dallas,3,2,32,26,1,2,3,4
"Sat, Feb 11",Buffalo,Tampa Bay,1,2,27,28,0,1,3,3
"Tue, Feb 14",Buffalo,New Jersey,1,4,30,31,0,2,5,7
"Thu, Feb 16",Philadelphia,Buffalo,7,2,29,35,0,6,1,3
"Fri, Feb 17",Buffalo,Montreal,3,4,30,19,0,3,1,2
"Sun, Feb 19",Buffalo,Pittsburgh,6,2,24,26,0,5,3,4
"Tue, Feb 21",Buffalo,NY Islanders,2,1,37,31,0,1,1,1
"Sat, Feb 25",NY Rangers,Buffalo,3,2,20,28,1,2,2,2
"Thu, Mar 1",San Jose,Buffalo,0,1,19,39,0,3,2,2
"Sat, Mar 3",Vancouver,Buffalo,3,5,25,35,0,2,4,4
"Mon, Mar 5",Winnipeg,Buffalo,3,1,24,31,0,2,2,2
"Wed, Mar 7",Buffalo,Carolina,3,2,42,24,2,7,3,3
"Sat, Mar 10",Ottawa,Buffalo,3,4,41,36,0,3,1,1
"Mon, Mar 12",Buffalo,Montreal,3,2,36,28,0,2,2,2
"Wed, Mar 14",Buffalo,Colorado,4,5,24,42,0,2,3,4
"Sat, Mar 17",Florida,Buffalo,3,2,26,17,1,3,1,2
"Mon, Mar 19",Tampa Bay,Buffalo,3,7,38,27,2,4,2,2
"Wed, Mar 21",Buffalo,Montreal,3,0,31,34,1,6,2,2
"Fri, Mar 23",NY Rangers,Buffalo,1,4,26,27,0,1,2,2
"Sat, Mar 24",Buffalo,Minnesota,3,1,37,25,2,4,2,2
"Tue, Mar 27",Washington,Buffalo,1,5,31,45,0,1,4,4
"Fri, Mar 30",Buffalo,Pittsburgh,3,5,28,34,0,2,1,3
"Sat, Mar 31",Toronto,Buffalo,4,3,32,29,0,3,1,2
"Tue, Apr 3",Buffalo,Toronto,6,5,45,25,3,5,1,1
"Thu, Apr 5",Philadelphia,Buffalo,2,1,26,35,0,2,1,1
"Sat, Oct 8",Calgary,Pittsburgh,3,5,20,37,0,3,3,5
"Mon, Oct 10",St. Louis,Calgary,5,2,17,35,1,3,3,3
"Thu, Oct 13",Montreal,Calgary,1,4,21,36,2,4,4,4
"Sat, Oct 15",Toronto,Calgary,3,2,32,25,0,3,4,4
"Tue, Oct 18",Calgary,Edmonton,2,1,28,25,0,3,5,6
"Thu, Oct 20",Calgary,NY Rangers,2,3,35,29,1,5,1,2
"Sat, Oct 22",Calgary,Nashville,0,2,33,14,0,4,3,3
"Wed, Oct 26",Calgary,Colorado,4,2,34,36,1,3,1,2
"Fri, Oct 28",Calgary,St. Louis,3,1,18,29,0,3,3,3
"Tue, Nov 1",Calgary,Vancouver,1,5,29,21,0,6,4,6
"Thu, Nov 3",Detroit,Calgary,1,4,22,29,2,4,2,3
"Sun, Nov 6",Colorado,Calgary,1,2,23,33,1,1,2,2
"Tue, Nov 8",Calgary,Minnesota,0,3,41,26,0,7,1,2
"Fri, Nov 11",Chicago,Calgary,4,1,25,31,0,1,3,4
"Sat, Nov 12",Colorado,Calgary,3,4,20,39,0,3,5,5
"Tue, Nov 15",Calgary,Ottawa,1,3,39,32,0,6,4,4
"Fri, Nov 18",Calgary,Chicago,5,2,26,32,0,2,3,4
"Mon, Nov 21",Columbus,Calgary,4,1,28,30,1,2,2,3
"Wed, Nov 23",Detroit,Calgary,5,3,22,30,1,4,1,4
"Fri, Nov 25",St. Louis,Calgary,2,0,24,24,0,4,1,1
"Sun, Nov 27",Minnesota,Calgary,2,5,35,21,0,3,4,5
"Tue, Nov 29",Calgary,Nashville,1,0,29,26,0,2,3,3
"Thu, Dec 1",Calgary,Columbus,3,4,35,33,0,1,4,4
"Sat, Dec 3",Edmonton,Calgary,3,5,32,29,2,3,6,6
"Sun, Dec 4",Vancouver,Calgary,5,1,22,36,0,4,4,6
"Tue, Dec 6",Calgary,Carolina,7,6,35,34,1,2,3,3
"Thu, Dec 8",Calgary,Colorado,3,2,35,18,2,8,2,2
"Sat, Dec 10",Calgary,Edmonton,3,0,34,21,1,7,4,4
"Tue, Dec 13",Nashville,Calgary,2,1,36,45,0,1,2,3
"Thu, Dec 15",Tampa Bay,Calgary,5,4,27,34,1,3,0,1
"Fri, Dec 16",Florida,Calgary,3,2,26,41,1,4,5,5
"Sun, Dec 18",Chicago,Calgary,4,2,24,25,2,5,5,7
"Tue, Dec 20",Calgary,Minnesota,2,1,30,30,0,2,3,3
"Thu, Dec 22",Calgary,Detroit,3,2,27,31,1,3,2,2
"Fri, Dec 23",Vancouver,Calgary,1,3,31,30,0,1,2,2
"Tue, Dec 27",Columbus,Calgary,1,2,26,28,1,3,4,4
"Thu, Dec 29",NY Islanders,Calgary,3,1,30,34,0,2,1,1
"Fri, Dec 30",Ottawa,Calgary,4,3,32,49,1,3,2,3
"Sun, Jan 1",Nashville,Calgary,5,3,20,27,0,2,3,3
"Tue, Jan 3",Washington,Calgary,3,1,19,21,0,4,1,3
"Sat, Jan 7",Calgary,Minnesota,3,1,36,28,1,3,3,3
"Tue, Jan 10",Calgary,New Jersey,6,3,14,38,1,5,3,4
"Sat, Jan 14",Calgary,Los Angeles,1,4,30,24,1,3,3,4
"Tue, Jan 17",San Jose,Calgary,2,1,28,31,0,0,2,2
"Thu, Jan 19",Los Angeles,Calgary,1,2,25,32,1,3,2,2
"Sat, Jan 21",Edmonton,Calgary,2,6,23,23,1,5,2,2
"Tue, Jan 24",Calgary,San Jose,0,1,25,27,0,1,2,2
"Tue, Jan 31",Calgary,Detroit,1,3,29,25,1,2,3,3
"Fri, Feb 3",Calgary,Chicago,3,1,32,27,1,5,2,2
"Wed, Feb 8",San Jose,Calgary,3,4,36,37,1,3,0,1
"Sat, Feb 11",Calgary,Vancouver,3,2,18,31,0,5,3,3
"Tue, Feb 14",Calgary,Toronto,5,1,34,42,0,2,3,3
"Thu, Feb 16",Dallas,Calgary,3,2,27,32,0,3,0,1
"Sat, Feb 18",Los Angeles,Calgary,0,1,18,28,0,1,3,3
"Tue, Feb 21",Calgary,Edmonton,1,6,22,42,0,1,2,3
"Sat, Feb 25",Calgary,Philadelphia,4,5,21,45,1,3,6,7
"Mon, Feb 27",Calgary,St. Louis,1,3,21,24,0,3,1,3
"Sun, Mar 4",Calgary,Dallas,2,3,38,40,0,3,2,3
"Tue, Mar 6",Calgary,Montreal,5,4,34,28,0,2,1,2
"Fri, Mar 9",Calgary,Winnipeg,5,3,27,45,3,3,2,2
"Sun, Mar 11",Minnesota,Calgary,3,4,25,27,0,0,1,1
"Tue, Mar 13",Calgary,San Jose,3,2,22,31,0,3,4,5
"Fri, Mar 16",Edmonton,Calgary,3,1,19,25,0,1,6,6
"Sun, Mar 18",Calgary,Columbus,1,2,31,18,0,4,2,2
"Tue, Mar 20",Colorado,Calgary,2,1,32,33,0,3,0,0
"Thu, Mar 22",Minnesota,Calgary,3,2,29,30,2,6,5,6
"Sat, Mar 24",Dallas,Calgary,4,1,36,20,0,4,3,3
"Mon, Mar 26",Calgary,Dallas,5,4,35,39,3,6,3,4
"Wed, Mar 28",Calgary,Los Angeles,0,3,19,30,0,4,4,4
"Fri, Mar 30",Calgary,Colorado,1,4,39,24,1,4,0,0
"Sat, Mar 31",Vancouver,Calgary,3,2,33,34,1,2,2,2
"Thu, Apr 5",Calgary,Vancouver,3,2,28,34,0,4,6,6
"Fri, Oct 7",Carolina,Tampa Bay,1,5,33,34,0,5,4,6
"Sat, Oct 8",Washington,Carolina,4,3,31,36,2,4,3,5
"Mon, Oct 10",New Jersey,Carolina,4,2,26,26,0,5,4,5
"Fri, Oct 21",St. Louis,Carolina,3,2,29,43,0,2,1,1
"Sat, Oct 22",Winnipeg,Carolina,5,3,24,24,0,7,4,6
"Tue, Oct 25",Carolina,Ottawa,2,3,34,28,1,4,0,1
"Fri, Oct 28",Carolina,Chicago,3,0,33,30,0,5,3,3
"Sat, Oct 29",Philadelphia,Carolina,5,1,25,34,0,3,5,5
"Tue, Nov 1",Carolina,Tampa Bay,4,2,31,30,1,2,2,2
"Fri, Nov 4",Carolina,Washington,1,5,25,32,0,4,2,3
"Sun, Nov 6",Carolina,Dallas,2,5,32,27,2,9,2,3
"Tue, Nov 8",New Jersey,Carolina,3,2,27,36,0,2,4,4
"Fri, Nov 11",NY Rangers,Carolina,5,1,35,40,0,2,2,3
"Sat, Nov 12",Carolina,Pittsburgh,5,3,26,40,0,4,5,5
"Mon, Nov 14",Carolina,Philadelphia,3,5,20,28,0,4,4,5
"Wed, Nov 16",Montreal,Carolina,4,0,25,36,0,6,2,3
"Sun, Nov 20",Carolina,Toronto,3,2,41,25,1,5,1,2
"Mon, Nov 21",Philadelphia,Carolina,2,4,31,32,2,4,3,4
"Wed, Nov 23",Carolina,Montreal,3,4,33,34,0,4,3,3
"Fri, Nov 25",Carolina,Winnipeg,1,3,21,30,0,4,1,1
"Sun, Nov 27",Ottawa,Carolina,4,3,37,25,1,8,3,4
"Tue, Nov 29",Carolina,Florida,1,3,27,21,0,5,1,2
"Thu, Dec 1",Carolina,NY Rangers,3,5,31,27,0,1,3,4
"Sat, Dec 3",Carolina,Pittsburgh,2,3,32,40,1,4,1,1
"Wed, Dec 7",Edmonton,Carolina,3,5,33,25,2,6,4,4
"Fri, Dec 9",Winnipeg,Carolina,4,2,25,37,1,3,2,4
"Tue, Dec 13",Toronto,Carolina,2,1,19,38,1,3,3,3
"Thu, Dec 15",Carolina,Vancouver,4,3,41,36,1,6,1,1
"Sun, Dec 18",Florida,Carolina,3,2,26,25,0,3,2,3
"Fri, Dec 23",Carolina,Ottawa,2,1,38,23,0,3,1,1
"Mon, Dec 26",Carolina,New Jersey,4,2,33,25,0,4,1,1
"Tue, Dec 27",Pittsburgh,Carolina,4,2,18,52,0,2,2,3
"Thu, Dec 29",Carolina,Toronto,4,3,34,24,1,3,7,7
"Sat, Dec 31",Tampa Bay,Carolina,5,2,26,32,2,4,2,3
"Tue, Jan 3",Carolina,NY Islanders,3,4,40,36,0,1,0,2
"Sat, Jan 7",Nashville,Carolina,5,2,29,36,1,2,1,5
"Tue, Jan 10",Carolina,Philadelphia,1,2,36,37,1,3,4,4
"Thu, Jan 12",Tampa Bay,Carolina,2,5,32,36,0,1,2,2
"Sun, Jan 15",Washington,Carolina,2,1,44,24,1,4,1,1
"Tue, Jan 17",Pittsburgh,Carolina,2,1,26,41,0,3,1,1
"Fri, Jan 20",Carolina,Washington,3,0,33,23,2,3,3,3
"Sat, Jan 21",NY Islanders,Carolina,2,1,33,40,0,3,2,2
"Mon, Jan 23",Carolina,Winnipeg,2,1,16,30,0,2,2,2
"Tue, Jan 31",Carolina,NY Islanders,2,5,23,26,1,2,2,4
"Sat, Feb 4",Carolina,Los Angeles,2,1,22,25,0,3,1,2
"Fri, Feb 10",Colorado,Carolina,4,3,42,33,0,3,0,0
"Mon, Feb 13",Montreal,Carolina,3,5,35,33,2,5,3,5
"Fri, Feb 17",Carolina,San Jose,3,2,25,37,1,2,1,1
"Sat, Feb 18",NY Islanders,Carolina,4,3,36,31,0,3,1,2
"Mon, Feb 20",Carolina,Washington,5,0,40,17,1,4,2,2
"Sat, Feb 25",Carolina,Florida,2,3,28,44,1,2,2,2
"Tue, Feb 28",Carolina,Nashville,4,3,33,29,2,6,1,1
"Thu, Mar 1",Carolina,NY Rangers,2,3,23,25,1,5,3,3
"Sat, Mar 3",Carolina,Tampa Bay,3,4,28,23,0,2,2,4
"Tue, Mar 6",Washington,Carolina,3,4,36,49,0,2,1,1
"Sat, Mar 10",Tampa Bay,Carolina,2,4,26,38,1,1,2,2
"Sun, Mar 11",Florida,Carolina,2,0,34,33,0,2,1,1
"Tue, Mar 13",NY Rangers,Carolina,4,2,29,28,1,4,3,3
"Thu, Mar 15",Carolina,St. Louis,2,0,30,40,0,5,5,5
"Sat, Mar 17",Minnesota,Carolina,3,5,34,26,0,1,1,2
"Sun, Mar 18",Winnipeg,Carolina,3,4,35,33,1,5,5,5
"Wed, Mar 21",Carolina,Florida,3,1,39,31,1,4,5,5
"Fri, Mar 23",Columbus,Carolina,5,1,40,26,0,5,2,3
"Sat, Mar 24",Detroit,Carolina,5,4,24,50,2,2,2,2
"Tue, Mar 27",Toronto,Carolina,0,3,22,30,0,2,2,2
"Fri, Mar 30",Carolina,Winnipeg,3,4,33,35,0,4,3,4
"Sat, Mar 31",Carolina,New Jersey,0,5,22,31,0,4,3,4
"Tue, Apr 3",Ottawa,Carolina,1,2,31,39,1,3,5,5
"Thu, Apr 5",Carolina,Montreal,2,1,29,31,1,6,7,7
"Sat, Apr 7",Florida,Carolina,4,1,35,26,1,2,1,2
"Fri, Oct 7",Dallas,Chicago,2,1,38,33,0,4,2,2
"Sat, Oct 8",Chicago,Dallas,5,2,31,21,1,7,4,5
"Thu, Oct 13",Chicago,Winnipeg,4,3,32,30,1,3,2,2
"Thu, Oct 20",Colorado,Chicago,1,3,30,32,0,2,2,2
"Sat, Oct 22",Chicago,Colorado,4,5,38,24,1,3,0,0
"Sat, Oct 29",Chicago,Columbus,5,2,38,29,0,5,5,5
"Mon, Oct 31",Chicago,Nashville,5,4,35,28,0,7,2,3
"Thu, Nov 3",Florida,Chicago,2,3,33,43,0,1,1,1
"Fri, Nov 4",Tampa Bay,Chicago,5,4,32,32,1,2,0,1
"Sun, Nov 6",Chicago,Vancouver,2,6,40,38,0,5,1,6
"Tue, Nov 8",St. Louis,Chicago,3,0,29,23,0,4,1,2
"Thu, Nov 10",Columbus,Chicago,3,6,36,30,2,3,3,5
"Sun, Nov 13",Chicago,Edmonton,6,3,35,23,1,4,2,3
"Wed, Nov 16",Vancouver,Chicago,1,5,27,29,2,3,0,0
"Sat, Nov 19",Edmonton,Chicago,9,2,36,34,2,6,3,7
"Wed, Nov 23",San Jose,Chicago,1,0,34,21,0,4,3,4
"Sat, Nov 26",Los Angeles,Chicago,1,2,27,27,0,2,2,2
"Fri, Dec 2",Chicago,NY Islanders,5,4,36,41,1,4,3,5
"Sat, Dec 3",St. Louis,Chicago,2,5,36,25,2,3,4,4
"Thu, Dec 8",NY Islanders,Chicago,2,3,28,33,1,3,6,6
"Sun, Dec 11",Chicago,San Jose,3,2,34,37,0,3,2,2
"Wed, Dec 14",Minnesota,Chicago,3,4,31,30,1,2,2,2
"Tue, Dec 20",Pittsburgh,Chicago,3,2,38,28,0,3,6,7
"Wed, Dec 21",Chicago,Montreal,5,1,28,21,0,2,2,3
"Mon, Dec 26",Chicago,Columbus,4,1,22,38,1,3,2,2
"Wed, Dec 28",Chicago,Los Angeles,0,2,38,38,0,4,4,4
"Fri, Dec 30",Chicago,Detroit,3,2,28,28,0,5,1,1
"Mon, Jan 2",Chicago,Edmonton,3,4,42,30,0,5,3,5
"Thu, Jan 5",Philadelphia,Chicago,5,4,34,46,0,0,3,4
"Fri, Jan 6",Chicago,Colorado,0,4,27,22,0,1,1,1
"Sun, Jan 8",Chicago,Detroit,2,3,31,27,1,4,1,2
"Tue, Jan 10",Chicago,Columbus,5,2,25,34,0,4,5,5
"Thu, Jan 12",Chicago,Minnesota,5,2,30,23,2,3,1,1
"Sat, Jan 14",Detroit,Chicago,3,2,27,43,0,3,0,1
"Sun, Jan 15",Chicago,San Jose,4,3,40,24,0,1,3,3
"Fri, Jan 20",Chicago,Florida,3,1,22,19,1,4,2,3
"Sat, Jan 21",Nashville,Chicago,5,2,22,23,0,1,1,2
"Tue, Jan 24",Chicago,Nashville,1,3,25,26,1,4,2,3
"Tue, Jan 31",Vancouver,Chicago,3,2,39,33,0,2,0,0
"Thu, Feb 2",Edmonton,Chicago,8,4,47,41,0,3,6,7
"Tue, Feb 7",Colorado,Chicago,5,2,31,29,0,3,0,0
"Fri, Feb 10",San Jose,Chicago,5,3,33,27,0,3,3,6
"Tue, Feb 14",Nashville,Chicago,3,2,32,19,0,3,3,3
"Thu, Feb 16",NY Rangers,Chicago,2,4,22,24,0,3,7,7
"Sat, Feb 18",Columbus,Chicago,1,6,28,34,0,2,1,1
"Sun, Feb 19",Chicago,St. Louis,3,1,27,30,0,3,1,1
"Tue, Feb 21",Chicago,Detroit,2,1,29,32,0,3,2,3
"Thu, Feb 23",Chicago,Dallas,1,3,27,25,0,1,0,0
"Sat, Feb 25",Los Angeles,Chicago,4,0,19,30,0,6,1,3
"Wed, Feb 29",Chicago,Toronto,5,4,35,34,0,2,2,3
"Fri, Mar 2",Ottawa,Chicago,1,2,39,26,1,2,1,1
"Sun, Mar 4",Detroit,Chicago,1,2,18,24,1,3,4,4
"Tue, Mar 6",St. Louis,Chicago,5,1,20,31,0,5,1,2
"Fri, Mar 9",Chicago,NY Rangers,4,3,22,25,0,1,2,2
"Sun, Mar 11",Chicago,Los Angeles,2,3,37,29,0,2,2,2
"Tue, Mar 13",Chicago,St. Louis,4,3,46,24,1,6,1,1
"Fri, Mar 16",Dallas,Chicago,1,4,31,22,0,4,0,0
"Sun, Mar 18",Chicago,Washington,5,2,29,18,0,1,1,1
"Tue, Mar 20",Columbus,Chicago,1,5,27,25,2,2,2,2
"Wed, Mar 21",Chicago,Vancouver,2,1,37,24,0,5,3,3
"Sun, Mar 25",Chicago,Nashville,1,6,25,24,0,4,1,2
"Tue, Mar 27",New Jersey,Chicago,2,1,38,22,0,4,2,3
"Thu, Mar 29",Chicago,St. Louis,4,3,40,20,0,2,2,2
"Sat, Mar 31",Nashville,Chicago,4,5,37,33,2,6,2,4
"Sun, Apr 1",Chicago,Minnesota,4,5,35,30,1,4,2,3
"Thu, Apr 5",Minnesota,Chicago,2,1,23,23,0,4,1,2
"Sat, Apr 7",Detroit,Chicago,2,3,33,32,0,6,2,2
"Sat, Oct 8",Colorado,Detroit,0,3,29,39,0,3,4,4
"Wed, Oct 12",Columbus,Colorado,2,3,32,33,0,4,4,4
"Thu, Oct 13",Ottawa,Colorado,1,7,39,16,4,6,3,4
"Sat, Oct 15",Montreal,Colorado,5,6,30,43,2,4,2,3
"Mon, Oct 17",Toronto,Colorado,2,3,24,29,1,2,4,4
"Fri, Oct 28",Colorado,Edmonton,1,3,41,19,1,4,3,4
"Sun, Oct 30",Colorado,Los Angeles,3,2,16,32,1,4,2,4
"Fri, Nov 4",Dallas,Colorado,7,6,40,29,2,5,3,6
"Tue, Nov 8",Detroit,Colorado,5,2,26,30,2,3,3,5
"Thu, Nov 10",Colorado,NY Islanders,4,3,51,33,2,6,2,3
"Tue, Nov 15",Pittsburgh,Colorado,6,3,27,33,0,2,6,7
"Thu, Nov 17",Minnesota,Colorado,1,0,27,18,0,3,1,1
"Fri, Nov 18",Colorado,Dallas,3,0,45,24,2,5,1,1
"Sun, Nov 20",Colorado,San Jose,1,4,37,18,0,1,5,6
"Wed, Nov 23",Colorado,Vancouver,0,3,24,29,0,4,3,3
"Sat, Nov 26",Colorado,Edmonton,5,2,29,33,1,3,3,3
"Mon, Nov 28",Colorado,Dallas,1,3,36,35,0,3,4,4
"Wed, Nov 30",Colorado,New Jersey,6,1,25,19,0,3,4,4
"Fri, Dec 2",Colorado,St. Louis,3,2,35,37,0,4,2,3
"Sun, Dec 4",Colorado,Detroit,4,2,35,29,1,3,4,5
"Tue, Dec 6",Vancouver,Colorado,6,0,33,23,0,5,4,5
"Fri, Dec 9",Edmonton,Colorado,4,1,29,35,0,3,3,5
"Tue, Dec 13",Colorado,San Jose,4,3,33,30,1,1,1,2
"Thu, Dec 15",San Jose,Colorado,5,4,27,34,2,3,3,3
"Sat, Dec 17",Colorado,Washington,2,1,28,26,0,2,4,4
"Mon, Dec 19",Colorado,Philadelphia,3,2,27,33,0,2,3,4
"Wed, Dec 21",Colorado,St. Louis,3,2,22,39,0,3,4,4
"Fri, Dec 23",Colorado,Tampa Bay,2,1,29,30,0,3,3,3
"Mon, Dec 26",Minnesota,Colorado,2,4,32,22,1,7,5,6
"Tue, Dec 27",Colorado,Winnipeg,1,4,33,26,0,1,0,1
"Mon, Jan 2",Los Angeles,Colorado,1,2,21,32,0,1,5,5
"Sat, Jan 7",St. Louis,Colorado,4,0,15,39,0,4,3,5
"Tue, Jan 10",Colorado,Nashville,1,4,33,26,1,3,2,3
"Thu, Jan 12",Nashville,Colorado,3,2,29,35,0,3,6,6
"Sat, Jan 14",Dallas,Colorado,1,2,23,22,1,3,3,3
"Wed, Jan 18",Colorado,Florida,4,3,44,29,1,3,2,3
"Sat, Jan 21",Los Angeles,Colorado,1,3,31,26,1,4,3,3
"Tue, Jan 24",Colorado,Minnesota,2,3,26,34,0,2,3,4
"Tue, Jan 31",Edmonton,Colorado,3,2,33,23,0,2,1,2
"Thu, Feb 2",Colorado,Minnesota,0,1,37,21,0,1,1,1
"Sat, Feb 4",Colorado,Vancouver,2,3,46,29,1,4,5,5
"Sat, Feb 11",St. Louis,Colorado,3,2,19,44,1,2,3,5
"Wed, Feb 15",Vancouver,Colorado,3,1,30,31,0,2,1,1
"Fri, Feb 17",Edmonton,Colorado,1,3,23,27,1,4,4,4
"Sun, Feb 19",Winnipeg,Colorado,5,1,32,25,1,5,3,5
"Wed, Feb 22",Colorado,Los Angeles,4,1,27,33,0,1,3,3
"Fri, Feb 24",Columbus,Colorado,0,5,25,28,0,1,4,4
"Sat, Feb 25",Detroit,Colorado,3,4,27,31,0,2,2,3
"Thu, Mar 1",Colorado,Columbus,0,2,33,28,0,2,1,2
"Sat, Mar 3",Colorado,Pittsburgh,1,5,36,28,0,4,3,3
"Sun, Mar 4",Minnesota,Colorado,0,2,36,30,1,2,3,3
"Tue, Mar 6",Colorado,Minnesota,7,1,39,22,1,4,2,2
"Thu, Mar 8",Nashville,Colorado,4,2,17,31,0,0,2,2
"Sat, Mar 10",Colorado,Edmonton,3,2,32,30,0,2,2,2
"Thu, Mar 15",New Jersey,Colorado,1,0,28,33,0,1,1,1
"Sat, Mar 17",NY Rangers,Colorado,1,3,20,42,1,2,5,5
"Sat, Mar 24",Colorado,Vancouver,2,3,40,32,2,6,4,5
"Mon, Mar 26",San Jose,Colorado,5,1,32,36,0,2,3,4
"Wed, Mar 28",Vancouver,Colorado,1,0,43,22,0,5,3,3
"Thu, Apr 5",Colorado,Columbus,2,5,37,28,1,3,2,3
"Sat, Apr 7",Colorado,Nashville,1,6,45,29,0,1,1,1
"Fri, Oct 7",Columbus,Nashville,2,3,34,31,0,5,2,3
"Sat, Oct 8",Minnesota,Columbus,4,2,31,26,0,6,2,4
"Mon, Oct 10",Columbus,Vancouver,2,3,25,25,0,5,3,4
"Sat, Oct 15",Dallas,Columbus,4,2,15,33,1,5,3,4
"Tue, Oct 18",Columbus,Dallas,2,3,40,18,1,5,2,2
"Fri, Oct 21",Detroit,Columbus,5,2,34,33,1,4,2,5
"Sat, Oct 22",Ottawa,Columbus,4,3,21,27,1,4,0,2
"Tue, Oct 25",Columbus,Detroit,4,1,32,31,1,7,3,3
"Thu, Nov 3",Columbus,Toronto,1,4,39,18,0,4,2,2
"Sat, Nov 5",Philadelphia,Columbus,9,2,35,33,0,2,4,5
"Sat, Nov 12",Columbus,Winnipeg,2,1,27,36,0,4,5,5
"Tue, Nov 15",Columbus,Minnesota,2,4,45,24,1,3,4,5
"Sat, Nov 19",Nashville,Columbus,3,4,29,30,2,5,1,3
"Wed, Nov 23",New Jersey,Columbus,2,1,36,24,0,6,3,3
"Sun, Nov 27",Columbus,St. Louis,1,2,24,29,0,5,4,5
"Tue, Nov 29",Vancouver,Columbus,4,1,48,34,0,3,2,2
"Fri, Dec 2",Edmonton,Columbus,6,3,39,34,1,5,1,2
"Tue, Dec 6",Montreal,Columbus,2,3,28,20,0,4,3,3
"Thu, Dec 8",Columbus,Nashville,3,4,24,22,0,1,0,1
"Tue, Dec 13",Columbus,Vancouver,2,1,30,32,1,3,4,4
"Thu, Dec 15",Columbus,Los Angeles,1,2,25,41,0,3,2,2
"Sat, Dec 17",Columbus,Tampa Bay,2,3,28,28,1,5,3,3
"Sun, Dec 18",St. Louis,Columbus,6,4,32,34,1,3,1,1
"Thu, Dec 22",Nashville,Columbus,6,5,31,38,4,6,1,3
"Thu, Dec 29",Dallas,Columbus,1,4,29,37,0,2,3,3
"Sat, Dec 31",Columbus,Washington,2,4,37,26,0,1,0,1
"Thu, Jan 5",San Jose,Columbus,2,1,24,39,0,0,4,5
"Sat, Jan 7",Los Angeles,Columbus,0,1,18,31,0,6,8,8
"Sat, Jan 14",Columbus,San Jose,1,2,26,33,0,2,4,5
"Tue, Jan 17",Columbus,Edmonton,4,2,25,23,2,2,3,3
"Thu, Jan 19",Columbus,Nashville,0,3,38,25,0,3,1,2
"Sat, Jan 21",Detroit,Columbus,3,2,19,31,1,3,3,4
"Mon, Jan 23",Nashville,Columbus,4,1,26,29,0,2,3,5
"Tue, Jan 24",Tampa Bay,Columbus,4,2,24,31,0,2,3,4
"Tue, Jan 31",San Jose,Columbus,6,0,30,43,0,1,2,3
"Wed, Feb 1",Los Angeles,Columbus,3,2,22,33,0,3,1,3
"Tue, Feb 7",Columbus,Minnesota,3,1,37,29,1,7,2,2
"Thu, Feb 9",Columbus,Dallas,2,4,28,35,2,3,3,3
"Sat, Feb 11",Minnesota,Columbus,1,3,19,35,1,4,1,1
"Tue, Feb 14",Columbus,St. Louis,2,1,33,32,1,4,1,1
"Sun, Feb 19",NY Rangers,Columbus,3,2,23,35,1,4,2,2
"Tue, Feb 21",Columbus,San Jose,6,3,35,41,3,7,3,4
"Sun, Feb 26",Pittsburgh,Columbus,4,2,24,40,0,2,3,5
"Tue, Feb 28",Columbus,Detroit,2,5,30,25,1,5,5,6
"Thu, Mar 8",Columbus,Los Angeles,3,1,36,30,0,5,1,1
"Sat, Mar 10",St. Louis,Columbus,4,1,22,29,0,4,4,6
"Sun, Mar 11",Columbus,St. Louis,1,2,34,26,0,8,4,4
"Wed, Mar 14",Edmonton,Columbus,3,0,22,27,0,4,3,4
"Sat, Mar 17",Vancouver,Columbus,4,3,36,38,0,2,1,3
"Sun, Mar 25",Columbus,Edmonton,3,6,32,38,1,6,3,4
"Mon, Mar 26",Detroit,Columbus,7,2,26,39,0,4,4,6
"Wed, Mar 28",Columbus,Detroit,4,2,31,31,0,3,2,4
"Fri, Mar 30",Columbus,Florida,4,1,29,31,1,5,3,3
"Sat, Mar 31",St. Louis,Columbus,2,5,33,36,2,8,5,5
"Sat, Apr 7",Columbus,NY Islanders,7,3,37,38,2,3,2,2
"Thu, Oct 13",Dallas,St. Louis,3,2,24,38,1,5,5,5
"Sat, Oct 22",Los Angeles,Dallas,1,0,28,24,0,2,1,1
"Thu, Oct 27",Dallas,Los Angeles,3,5,33,29,1,5,5,6
"Sat, Oct 29",Dallas,New Jersey,3,1,23,32,0,2,3,3
"Tue, Nov 8",Washington,Dallas,2,5,36,32,1,5,3,4
"Fri, Nov 11",Pittsburgh,Dallas,3,1,20,32,0,2,3,5
"Sat, Nov 12",Detroit,Dallas,5,2,27,40,1,2,4,4
"Tue, Nov 15",Dallas,Florida,0,6,25,30,0,2,4,4
"Sat, Nov 19",Dallas,San Jose,1,4,31,38,0,2,3,5
"Mon, Nov 21",Dallas,Edmonton,4,1,35,18,0,3,6,6
"Wed, Nov 23",Dallas,Los Angeles,3,2,38,24,0,3,3,3
"Fri, Nov 25",Dallas,Toronto,3,4,29,23,0,4,3,4
"Thu, Dec 1",Dallas,Ottawa,3,2,32,35,1,3,1,1
"Sat, Dec 3",Dallas,NY Islanders,4,5,34,27,0,2,2,3
"Thu, Dec 8",San Jose,Dallas,5,2,20,36,1,3,3,3
"Sat, Dec 10",Los Angeles,Dallas,1,2,28,27,1,7,3,3
"Tue, Dec 13",NY Rangers,Dallas,0,1,28,34,0,2,4,4
"Thu, Dec 15",NY Islanders,Dallas,2,3,29,27,1,6,3,3
"Fri, Dec 16",New Jersey,Dallas,6,3,36,31,0,4,2,2
"Wed, Dec 21",Dallas,Philadelphia,1,4,31,30,0,3,3,5
"Fri, Dec 23",Dallas,Nashville,6,3,29,37,0,3,3,5
"Mon, Dec 26",St. Louis,Dallas,5,3,23,38,0,2,0,2
"Tue, Jan 3",Dallas,Detroit,4,5,29,31,0,1,0,0
"Thu, Jan 5",Nashville,Dallas,1,4,30,25,0,4,3,3
"Sat, Jan 7",Dallas,Edmonton,4,1,34,26,0,2,2,2
"Thu, Jan 12",Los Angeles,Dallas,4,5,38,41,1,6,4,7
"Mon, Jan 16",St. Louis,Dallas,1,0,22,32,0,3,4,4
"Tue, Jan 17",Dallas,Detroit,2,3,27,32,1,2,4,4
"Fri, Jan 20",Dallas,Tampa Bay,1,2,28,22,0,4,3,3
"Sat, Jan 21",Minnesota,Dallas,5,2,25,26,0,1,2,3
"Thu, Feb 2",San Jose,Dallas,5,2,21,37,1,2,3,5
"Sat, Feb 4",Dallas,Minnesota,2,1,26,34,1,2,4,4
"Sun, Feb 12",Dallas,Los Angeles,2,4,28,16,0,3,1,2
"Tue, Feb 14",Detroit,Dallas,3,1,21,37,0,2,4,5
"Sun, Feb 19",Dallas,Nashville,2,3,24,21,0,1,1,2
"Tue, Feb 21",Montreal,Dallas,0,3,36,31,0,1,4,4
"Fri, Feb 24",Dallas,Minnesota,4,1,25,29,0,2,5,6
"Sun, Feb 26",Dallas,Vancouver,3,2,28,26,1,2,2,2
"Wed, Feb 29",Dallas,Pittsburgh,3,4,33,29,0,4,5,5
"Fri, Mar 2",Edmonton,Dallas,1,3,15,20,0,2,0,0
"Tue, Mar 6",Vancouver,Dallas,2,5,29,31,1,4,3,3
"Thu, Mar 8",Dallas,San Jose,4,3,35,48,0,2,3,3
"Tue, Mar 13",Minnesota,Dallas,0,1,25,25,0,2,4,4
"Wed, Mar 14",Winnipeg,Dallas,5,2,30,28,0,0,2,3
"Thu, Mar 22",Dallas,Vancouver,1,2,26,28,0,3,4,4
"Wed, Mar 28",Edmonton,Dallas,1,3,25,32,0,5,4,4
"Fri, Mar 30",Vancouver,Dallas,5,2,30,34,0,1,2,3
"Sat, Mar 31",San Jose,Dallas,3,0,22,34,0,3,5,6
"Tue, Apr 3",Dallas,San Jose,2,5,31,26,0,2,3,4
"Thu, Apr 5",Nashville,Dallas,2,0,28,31,0,4,2,2
"Sat, Apr 7",Dallas,St. Louis,2,3,35,35,0,4,3,5
"Fri, Oct 7",Detroit,Ottawa,5,3,39,32,0,5,1,3
"Thu, Oct 13",Detroit,Vancouver,2,0,37,25,0,7,4,4
"Sat, Oct 15",Minnesota,Detroit,2,3,41,14,1,3,1,1
"Sat, Oct 22",Washington,Detroit,7,1,33,25,1,4,2,4
"Fri, Oct 28",Detroit,San Jose,2,4,32,30,1,4,2,3
"Sat, Oct 29",Minnesota,Detroit,1,0,36,20,0,4,4,4
"Tue, Nov 1",Detroit,Minnesota,1,2,37,27,0,3,7,8
"Fri, Nov 11",Detroit,Edmonton,3,0,30,24,0,6,3,3
"Tue, Nov 15",St. Louis,Detroit,2,1,22,37,0,6,3,4
"Thu, Nov 17",San Jose,Detroit,5,2,42,28,2,3,1,1
"Sat, Nov 19",Los Angeles,Detroit,1,4,38,24,2,5,5,5
"Sat, Nov 26",Detroit,Nashville,4,1,37,19,1,2,3,3
"Wed, Nov 30",Detroit,Tampa Bay,4,2,35,23,1,5,3,4
"Tue, Dec 6",St. Louis,Detroit,3,2,29,26,2,7,6,8
"Sat, Dec 10",Detroit,Winnipeg,7,1,29,30,0,3,2,2
"Tue, Dec 13",Pittsburgh,Detroit,1,4,25,26,1,2,4,4
"Thu, Dec 15",Nashville,Detroit,4,3,40,21,2,2,0,1
"Sat, Dec 17",Detroit,Los Angeles,8,2,27,29,1,3,4,4
"Mon, Dec 19",Edmonton,Detroit,2,3,28,23,0,2,4,5
"Wed, Dec 21",Vancouver,Detroit,4,2,40,25,0,4,0,0
"Mon, Dec 26",Nashville,Detroit,1,4,22,32,0,2,5,5
"Tue, Dec 27",Detroit,St. Louis,3,2,32,31,1,4,2,4
"Sat, Dec 31",Detroit,St. Louis,3,0,31,31,0,4,3,3
"Sat, Jan 7",Toronto,Detroit,4,3,40,18,0,1,0,1
"Tue, Jan 10",NY Islanders,Detroit,5,1,24,30,0,3,2,3
"Mon, Jan 23",Detroit,St. Louis,3,1,28,22,2,5,1,1
"Wed, Jan 25",Montreal,Detroit,7,2,28,25,0,4,2,3
"Thu, Feb 2",Vancouver,Detroit,3,4,43,25,0,4,1,1
"Sat, Feb 4",Edmonton,Detroit,5,4,39,32,0,4,1,3
"Wed, Feb 8",Detroit,Edmonton,4,2,30,17,1,4,6,7
"Sun, Feb 12",Detroit,Philadelphia,4,3,25,29,2,5,2,2
"Fri, Feb 17",Detroit,Nashville,2,1,31,21,0,1,2,2
"Sun, Feb 19",Detroit,San Jose,3,2,28,33,0,3,3,4
"Thu, Feb 23",Detroit,Vancouver,3,4,36,43,0,5,4,4
"Fri, Mar 2",Detroit,Minnesota,6,0,35,19,0,5,2,2
"Tue, Mar 6",Philadelphia,Detroit,3,2,39,23,0,4,2,2
"Fri, Mar 9",Detroit,Los Angeles,4,3,15,24,0,3,3,4
"Sat, Mar 10",Nashville,Detroit,3,2,37,20,0,4,2,4
"Tue, Mar 13",Los Angeles,Detroit,5,2,24,27,0,4,1,2
"Sat, Mar 17",San Jose,Detroit,3,2,28,35,0,2,3,3
"Mon, Mar 19",Detroit,Washington,3,5,33,22,1,3,1,4
"Wed, Mar 21",NY Rangers,Detroit,2,1,27,34,0,1,2,3
"Fri, Mar 30",Detroit,Nashville,1,4,32,27,0,3,2,2
"Sun, Apr 1",Detroit,Florida,2,1,32,28,0,3,6,6
"Wed, Apr 4",St. Louis,Detroit,2,3,28,29,0,4,2,2
"Thu, Apr 5",Detroit,New Jersey,1,2,24,21,1,1,2,2
"Sun, Oct 9",Edmonton,Pittsburgh,2,1,35,34,0,5,7,8
"Thu, Oct 13",Minnesota,Edmonton,2,1,22,35,0,2,4,4
"Sat, Oct 15",Edmonton,Vancouver,3,4,30,26,2,5,1,3
"Mon, Oct 17",Edmonton,Nashville,3,1,25,12,1,5,5,5
"Thu, Oct 20",Edmonton,Minnesota,1,2,31,31,0,2,4,4
"Sat, Oct 22",Edmonton,NY Rangers,2,0,27,19,1,4,5,5
"Tue, Oct 25",Edmonton,Vancouver,3,2,22,37,0,3,3,3
"Thu, Oct 27",Edmonton,Washington,2,1,19,35,2,8,4,4
"Sun, Oct 30",Edmonton,St. Louis,4,2,30,30,2,4,2,3
"Thu, Nov 3",Los Angeles,Edmonton,0,3,27,19,0,4,2,2
"Tue, Nov 8",Montreal,Edmonton,1,3,14,29,0,2,6,6
"Thu, Nov 17",Edmonton,Ottawa,2,5,24,16,1,2,3,3
"Tue, Nov 22",Nashville,Edmonton,2,6,32,32,2,4,5,6
"Fri, Nov 25",Minnesota,Edmonton,2,5,29,32,1,4,3,4
"Mon, Nov 28",Edmonton,Nashville,1,2,18,31,0,3,3,4
"Wed, Nov 30",Edmonton,Minnesota,2,3,30,29,1,4,5,6
"Sat, Dec 17",San Jose,Edmonton,3,2,25,37,0,2,3,4
"Thu, Dec 22",Edmonton,Minnesota,4,1,31,31,1,4,5,5
"Mon, Dec 26",Vancouver,Edmonton,5,3,21,26,2,7,4,4
"Thu, Dec 29",Minnesota,Edmonton,4,3,30,27,0,3,1,1
"Sat, Dec 31",NY Islanders,Edmonton,4,1,29,29,0,4,1,3
"Thu, Jan 5",St. Louis,Edmonton,4,3,32,37,2,5,4,6
"Wed, Jan 11",Edmonton,New Jersey,1,2,23,25,1,5,1,2
"Sun, Jan 15",Edmonton,Los Angeles,2,1,33,21,2,3,3,3
"Thu, Jan 19",St. Louis,Edmonton,1,0,15,38,0,2,5,5
"Mon, Jan 23",Edmonton,San Jose,2,1,18,45,0,1,1,2
"Tue, Jan 24",Vancouver,Edmonton,3,2,32,35,1,1,2,2
"Mon, Feb 6",Toronto,Edmonton,6,3,30,31,0,0,0,0
"Sat, Feb 11",Ottawa,Edmonton,3,4,40,42,0,2,2,2
"Wed, Feb 15",Edmonton,Toronto,3,4,32,26,0,2,2,3
"Sun, Feb 19",Edmonton,Vancouver,2,5,28,31,0,1,4,5
"Thu, Feb 23",Edmonton,Philadelphia,2,0,30,35,1,2,3,3
"Mon, Feb 27",Winnipeg,Edmonton,3,5,25,32,2,3,1,3
"Wed, Feb 29",Edmonton,St. Louis,2,5,24,31,0,1,3,4
"Tue, Mar 6",San Jose,Edmonton,2,3,26,30,0,1,2,2
"Thu, Mar 8",Edmonton,Montreal,3,5,27,31,1,4,2,4
"Mon, Mar 12",Edmonton,San Jose,2,3,22,33,0,1,0,2
"Tue, Mar 20",Nashville,Edmonton,3,6,20,44,1,1,3,4
"Thu, Mar 22",Tampa Bay,Edmonton,3,2,36,21,0,1,3,4
"Fri, Mar 23",Florida,Edmonton,1,2,21,27,0,1,4,4
"Fri, Mar 30",Edmonton,Los Angeles,1,4,14,32,1,3,5,6
"Mon, Apr 2",Los Angeles,Edmonton,2,0,19,37,0,2,3,3
"Sat, Apr 7",Vancouver,Edmonton,3,0,17,42,0,2,5,7
"Sat, Oct 8",NY Islanders,Florida,0,2,29,27,1,5,3,3
"Tue, Oct 11",Pittsburgh,Florida,4,2,34,29,0,5,4,4
"Sat, Oct 15",Florida,Tampa Bay,3,2,38,30,2,6,2,2
"Mon, Oct 17",Tampa Bay,Florida,4,7,33,39,5,9,2,3
"Tue, Oct 18",Washington,Florida,3,0,20,32,0,2,0,1
"Sat, Oct 22",Florida,NY Islanders,4,2,33,28,0,2,3,5
"Mon, Oct 24",Montreal,Florida,1,2,31,41,1,3,2,3
"Thu, Oct 27",Ottawa,Florida,4,3,25,38,0,4,2,2
"Mon, Oct 31",Florida,Winnipeg,3,4,42,31,1,5,1,2
"Sun, Nov 6",Florida,Tampa Bay,3,4,41,37,1,2,2,3
"Tue, Nov 8",Toronto,Florida,1,5,28,39,0,2,2,2
"Thu, Nov 10",Winnipeg,Florida,2,5,20,27,2,5,2,3
"Sun, Nov 13",Florida,Philadelphia,2,3,33,35,0,7,5,5
"Thu, Nov 17",St. Louis,Florida,4,1,21,31,0,3,3,3
"Sat, Nov 19",Florida,Pittsburgh,3,2,31,41,2,4,2,2
"Mon, Nov 21",Florida,New Jersey,4,3,36,25,0,5,3,3
"Wed, Nov 23",Florida,NY Rangers,2,1,38,20,1,4,4,4
"Fri, Nov 25",Florida,Tampa Bay,1,2,24,31,0,4,1,2
"Sat, Nov 26",Tampa Bay,Florida,5,1,25,34,0,6,2,2
"Thu, Dec 1",Los Angeles,Florida,2,1,42,26,0,6,1,2
"Sat, Dec 3",San Jose,Florida,3,5,35,26,2,4,1,2
"Mon, Dec 5",Florida,Washington,5,4,30,32,3,6,2,2
"Sun, Dec 11",NY Rangers,Florida,6,1,21,33,0,7,1,3
"Tue, Dec 13",Florida,New Jersey,2,3,26,34,0,1,4,4
"Thu, Dec 22",Ottawa,Florida,4,3,35,26,2,5,0,2
"Tue, Dec 27",Florida,Toronto,5,3,26,32,2,3,3,4
"Fri, Dec 30",Florida,NY Rangers,1,4,28,25,0,4,1,1
"Sat, Dec 31",Florida,Montreal,3,2,35,28,1,6,3,3
"Thu, Jan 5",NY Rangers,Florida,3,2,21,41,0,1,2,3
"Fri, Jan 6",New Jersey,Florida,5,2,24,29,0,2,3,3
"Mon, Jan 9",Florida,Vancouver,2,1,22,26,1,3,3,3
"Fri, Jan 13",Florida,Pittsburgh,1,4,26,41,0,1,4,4
"Sat, Jan 21",Winnipeg,Florida,3,4,23,44,0,3,4,5
"Tue, Jan 24",Florida,Philadelphia,2,3,25,37,1,2,2,3
"Wed, Feb 1",Florida,Washington,4,2,38,28,1,4,2,2
"Fri, Feb 3",Florida,Winnipeg,2,1,30,21,1,3,1,1
"Sat, Feb 4",Tampa Bay,Florida,6,3,20,34,0,3,2,3
"Tue, Feb 7",Washington,Florida,4,0,42,24,0,4,0,1
"Thu, Feb 9",Florida,Los Angeles,3,1,23,23,0,2,2,2
"Sat, Feb 11",New Jersey,Florida,1,3,20,28,1,3,1,1
"Sun, Feb 12",NY Islanders,Florida,1,4,19,27,1,1,2,2
"Wed, Feb 15",Florida,Ottawa,2,6,44,31,1,5,3,4
"Fri, Feb 17",Florida,Washington,1,2,23,41,0,3,5,6
"Thu, Feb 23",Florida,Minnesota,2,3,43,28,1,3,2,3
"Sun, Feb 26",Florida,Montreal,4,2,32,20,1,5,4,5
"Tue, Feb 28",Toronto,Florida,3,5,23,31,2,4,3,5
"Thu, Mar 1",Winnipeg,Florida,7,0,33,32,0,3,2,3
"Sat, Mar 3",Florida,Nashville,1,3,40,23,0,3,1,1
"Sun, Mar 4",Florida,Ottawa,4,2,28,25,1,5,2,2
"Thu, Mar 8",Philadelphia,Florida,5,0,28,35,0,4,2,4
"Fri, Mar 9",Pittsburgh,Florida,2,1,29,34,0,1,2,2
"Tue, Mar 13",Florida,Toronto,5,2,27,28,2,4,2,2
"Tue, Mar 20",Philadelphia,Florida,1,2,13,36,1,2,4,4
"Sun, Mar 25",Florida,NY Islanders,2,3,35,37,0,2,1,2
"Tue, Mar 27",Montreal,Florida,2,3,36,29,0,3,1,2
"Thu, Mar 29",Minnesota,Florida,3,2,27,25,2,5,2,2
"Tue, Apr 3",Florida,Winnipeg,4,5,38,30,1,2,1,2
"Thu, Apr 5",Washington,Florida,4,2,27,24,0,1,2,2
"Fri, Oct 7",Los Angeles,NY Rangers,3,2,30,26,1,5,1,1
"Thu, Oct 13",New Jersey,Los Angeles,2,1,27,37,0,1,2,2
"Sat, Oct 15",Philadelphia,Los Angeles,2,3,26,34,2,8,5,7
"Tue, Oct 18",Los Angeles,St. Louis,5,0,24,27,1,4,4,4
"Tue, Oct 25",Los Angeles,New Jersey,0,3,31,23,0,1,2,2
"Sat, Nov 5",Los Angeles,Pittsburgh,2,3,26,33,0,4,5,6
"Mon, Nov 7",San Jose,Los Angeles,4,2,31,38,2,6,5,6
"Tue, Nov 8",Los Angeles,Nashville,4,3,30,30,1,6,5,6
"Thu, Nov 10",Los Angeles,Vancouver,2,3,30,32,1,6,4,6
"Sat, Nov 12",Los Angeles,Minnesota,5,2,36,26,1,6,2,3
"Tue, Nov 22",St. Louis,Los Angeles,2,3,28,25,1,6,6,6
"Mon, Nov 28",Los Angeles,San Jose,2,0,33,33,0,3,5,5
"Sat, Dec 3",Los Angeles,Montreal,1,2,27,27,1,6,4,5
"Thu, Dec 8",Los Angeles,Minnesota,2,4,44,24,0,2,4,4
"Mon, Dec 19",Toronto,Los Angeles,2,3,42,33,1,5,5,5
"Fri, Dec 23",San Jose,Los Angeles,2,1,29,35,1,3,5,5
"Thu, Dec 29",Winnipeg,Los Angeles,1,0,31,27,0,5,2,2
"Sat, Dec 31",Los Angeles,Vancouver,4,1,33,28,1,5,4,4
"Mon, Jan 9",Los Angeles,Washington,5,2,35,22,1,3,3,3
"Tue, Jan 17",Vancouver,Los Angeles,2,3,41,33,1,2,3,4
"Mon, Jan 23",Los Angeles,Ottawa,4,1,34,28,1,5,4,5
"Fri, Feb 3",St. Louis,Los Angeles,1,0,22,33,0,1,1,1
"Tue, Feb 7",Tampa Bay,Los Angeles,1,3,20,25,0,2,3,3
"Sat, Feb 11",NY Islanders,Los Angeles,2,1,35,25,0,2,2,2
"Mon, Feb 27",Nashville,Los Angeles,2,1,31,28,0,1,1,1
"Tue, Feb 28",Minnesota,Los Angeles,0,4,15,26,0,3,3,3
"Tue, Mar 6",Nashville,Los Angeles,4,5,28,26,0,1,3,3
"Sat, Mar 17",Los Angeles,Nashville,4,2,27,21,0,3,2,3
"Tue, Mar 20",Los Angeles,San Jose,5,2,42,22,1,5,0,1
"Thu, Mar 22",Los Angeles,St. Louis,1,0,37,35,0,2,3,3
"Mon, Mar 26",Vancouver,Los Angeles,1,0,38,25,0,3,4,4
"Sat, Mar 31",Minnesota,Los Angeles,4,3,29,23,1,4,4,4
"Thu, Apr 5",Los Angeles,San Jose,5,6,36,31,4,7,3,6
"Sat, Apr 7",San Jose,Los Angeles,3,2,31,23,2,2,3,4
"Mon, Oct 10",NY Islanders,Minnesota,2,1,21,14,0,7,2,3
"Tue, Oct 11",Ottawa,Minnesota,4,3,27,44,1,2,3,4
"Tue, Oct 18",Minnesota,Pittsburgh,2,4,26,25,0,5,1,2
"Sat, Oct 22",Vancouver,Minnesota,3,2,23,32,0,4,1,3
"Thu, Nov 3",Minnesota,Vancouver,5,1,45,25,0,3,5,5
"Sat, Nov 5",Minnesota,St. Louis,2,1,26,31,0,3,2,2
"Thu, Nov 10",San Jose,Minnesota,3,1,22,36,0,3,3,5
"Sat, Nov 19",Minnesota,St. Louis,3,2,32,27,1,2,2,2
"Wed, Nov 23",Minnesota,Nashville,3,2,30,25,1,6,5,6
"Mon, Nov 28",Minnesota,Tampa Bay,3,1,24,33,0,2,2,2
"Fri, Dec 2",Minnesota,New Jersey,4,2,16,31,0,2,5,5
"Tue, Dec 6",San Jose,Minnesota,1,2,21,42,1,2,3,3
"Tue, Dec 13",Winnipeg,Minnesota,2,1,35,27,1,4,4,4
"Sat, Dec 17",Minnesota,NY Islanders,1,2,21,36,0,1,2,2
"Mon, Dec 19",Vancouver,Minnesota,4,0,33,33,0,1,1,3
"Wed, Dec 28",Nashville,Minnesota,2,1,35,25,0,2,3,3
"Wed, Jan 4",Vancouver,Minnesota,3,0,28,35,0,4,2,2
"Tue, Jan 10",Minnesota,San Jose,5,4,31,38,0,3,2,3
"Sat, Jan 14",St. Louis,Minnesota,3,2,31,49,1,6,5,6
"Tue, Jan 17",Philadelphia,Minnesota,5,1,26,34,0,1,4,6
"Thu, Jan 19",Toronto,Minnesota,4,1,21,33,0,1,5,6
"Tue, Jan 31",Minnesota,Nashville,4,5,25,30,1,1,1,1
"Thu, Feb 9",Minnesota,Vancouver,2,5,24,20,1,4,2,3
"Thu, Feb 16",Minnesota,Winnipeg,3,4,25,27,1,3,3,3
"Sat, Feb 18",St. Louis,Minnesota,4,0,13,34,0,3,6,7
"Sun, Feb 26",Minnesota,San Jose,4,3,26,28,1,4,2,3
"Thu, Mar 1",Montreal,Minnesota,5,4,30,28,0,5,4,7
"Mon, Mar 19",Minnesota,Vancouver,2,0,34,33,1,3,1,1
"Sun, Mar 25",Washington,Minnesota,3,0,28,23,0,2,2,3
"Tue, Mar 27",Minnesota,NY Rangers,2,3,26,32,2,2,4,4
"Tue, Apr 3",Nashville,Minnesota,2,1,26,24,0,4,1,1
"Thu, Oct 6",Toronto,Montreal,2,0,32,18,0,5,4,4
"Sun, Oct 9",Winnipeg,Montreal,1,5,22,31,1,4,7,7
"Thu, Oct 20",Pittsburgh,Montreal,3,1,28,32,0,4,5,5
"Sat, Oct 22",Montreal,Toronto,4,5,28,27,0,4,5,7
"Wed, Oct 26",Montreal,Philadelphia,5,1,28,22,1,5,4,4
"Fri, Nov 4",Ottawa,Montreal,1,2,26,34,0,2,4,4
"Sat, Nov 5",NY Rangers,Montreal,5,3,28,29,1,2,8,9
"Sat, Nov 12",Nashville,Montreal,1,2,25,26,0,3,4,4
"Thu, Nov 17",NY Islanders,Montreal,4,3,29,33,1,4,3,3
"Sat, Nov 19",Montreal,NY Rangers,4,0,31,17,2,6,3,3
"Fri, Nov 25",Philadelphia,Montreal,3,1,24,36,0,5,4,4
"Sat, Nov 26",Montreal,Pittsburgh,3,4,27,42,0,4,3,3
"Thu, Dec 1",San Jose,Montreal,4,3,32,41,0,1,1,1
"Thu, Dec 8",Montreal,Vancouver,3,4,23,31,0,4,3,4
"Sat, Dec 10",New Jersey,Montreal,1,2,24,29,1,5,3,3
"Tue, Dec 13",Montreal,NY Islanders,5,3,29,32,1,4,2,2
"Thu, Dec 15",Montreal,Philadelphia,3,4,31,25,1,9,6,6
"Sat, Dec 17",Montreal,New Jersey,3,5,26,35,1,4,3,5
"Thu, Dec 22",Winnipeg,Montreal,4,0,27,34,0,5,1,2
"Tue, Dec 27",Ottawa,Montreal,2,6,28,35,1,4,3,3
"Thu, Dec 29",Tampa Bay,Montreal,4,3,34,22,1,3,3,3
"Wed, Jan 4",Montreal,Winnipeg,7,3,31,27,0,3,1,2
"Sat, Jan 7",Montreal,Tampa Bay,3,1,28,24,1,2,1,1
"Tue, Jan 10",Montreal,St. Louis,0,3,19,25,0,3,4,4
"Sat, Jan 14",Montreal,Ottawa,2,3,35,25,0,5,7,8
"Sun, Jan 15",Montreal,NY Rangers,4,1,29,29,0,1,1,1
"Wed, Jan 18",Montreal,Washington,0,3,31,16,0,7,3,4
"Fri, Jan 20",Pittsburgh,Montreal,5,4,29,38,1,6,4,4
"Sat, Jan 21",Toronto,Montreal,1,3,23,33,0,3,3,3
"Thu, Feb 2",New Jersey,Montreal,5,3,30,22,0,3,3,4
"Sat, Feb 4",Montreal,Washington,0,3,30,23,0,1,3,3
"Sun, Feb 5",Montreal,Winnipeg,3,0,23,23,1,4,5,5
"Tue, Feb 7",Montreal,Pittsburgh,3,2,30,34,0,3,3,3
"Thu, Feb 9",NY Islanders,Montreal,2,4,32,33,1,1,1,2
"Sat, Feb 11",Toronto,Montreal,0,5,18,32,1,2,5,5
"Sun, Feb 19",Montreal,New Jersey,1,3,22,25,1,3,0,0
"Fri, Feb 24",Washington,Montreal,4,1,31,24,0,4,6,6
"Tue, Feb 28",Tampa Bay,Montreal,2,1,24,22,0,3,3,3
"Sat, Mar 3",Montreal,Toronto,1,3,22,42,0,1,2,3
"Sat, Mar 10",Vancouver,Montreal,1,4,35,33,1,3,2,2
"Wed, Mar 14",Montreal,Ottawa,3,2,26,37,0,1,3,3
"Fri, Mar 16",Ottawa,Montreal,2,1,14,33,0,4,9,9
"Sat, Mar 17",Montreal,NY Islanders,2,3,30,38,0,4,2,3
"Fri, Mar 23",Montreal,Ottawa,5,1,32,38,2,7,2,2
"Sat, Mar 24",Philadelphia,Montreal,4,1,24,33,0,5,2,5
"Fri, Mar 30",NY Rangers,Montreal,4,1,20,29,0,3,2,4
"Sat, Mar 31",Washington,Montreal,3,2,41,33,0,4,5,5
"Wed, Apr 4",Montreal,Tampa Bay,5,2,25,16,1,4,3,3
"Sat, Apr 7",Montreal,Toronto,4,1,27,31,0,3,5,5
"Thu, Oct 13",NY Islanders,Tampa Bay,5,1,34,35,0,4,3,3
"Sat, Oct 15",NY Islanders,NY Rangers,4,2,34,31,2,8,4,4
"Thu, Oct 20",Tampa Bay,NY Islanders,4,1,17,30,0,2,2,3
"Tue, Oct 25",NY Islanders,Pittsburgh,0,3,33,29,0,2,2,2
"Thu, Oct 27",Pittsburgh,NY Islanders,3,2,19,32,0,2,5,6
"Sat, Oct 29",NY Islanders,San Jose,2,3,37,30,2,4,2,4
"Thu, Nov 3",NY Islanders,Winnipeg,0,3,34,26,0,3,0,0
"Sat, Nov 5",NY Islanders,Washington,5,3,35,28,0,2,2,3
"Sun, Nov 13",Vancouver,NY Islanders,4,1,24,36,0,0,2,3
"Tue, Nov 15",NY Islanders,NY Rangers,2,4,33,30,1,5,4,4
"Mon, Nov 21",Pittsburgh,NY Islanders,5,0,29,36,0,5,3,4
"Wed, Nov 23",NY Islanders,Philadelphia,3,4,32,33,1,4,3,4
"Fri, Nov 25",NY Islanders,New Jersey,0,1,23,23,0,4,1,2
"Sat, Nov 26",New Jersey,NY Islanders,2,3,26,26,0,2,3,3
"Tue, Dec 6",NY Islanders,Tampa Bay,5,1,34,24,2,5,3,3
"Sat, Dec 10",NY Islanders,Pittsburgh,3,6,27,31,1,7,2,3
"Tue, Dec 20",Winnipeg,NY Islanders,2,3,33,38,0,2,0,0
"Thu, Dec 22",NY Rangers,NY Islanders,4,2,26,25,2,3,3,3
"Fri, Dec 23",NY Islanders,Toronto,3,5,33,27,1,2,0,1
"Mon, Dec 26",NY Rangers,NY Islanders,3,0,28,31,0,3,3,3
"Thu, Jan 12",NY Islanders,Philadelphia,2,3,35,22,0,4,2,3
"Mon, Jan 16",NY Islanders,Nashville,1,3,37,32,0,3,1,1
"Tue, Jan 17",Washington,NY Islanders,0,3,28,17,2,6,3,3
"Thu, Jan 19",Philadelphia,NY Islanders,1,4,27,41,1,3,4,4
"Mon, Jan 23",Toronto,NY Islanders,3,0,25,35,0,0,2,2
"Tue, Jan 24",NY Islanders,Toronto,3,4,32,21,0,0,2,2
"Fri, Feb 3",Ottawa,NY Islanders,1,2,32,24,0,2,2,2
"Tue, Feb 7",Philadelphia,NY Islanders,0,1,18,45,0,3,3,3
"Tue, Feb 14",Winnipeg,NY Islanders,1,3,25,38,1,1,3,3
"Thu, Feb 16",St. Louis,NY Islanders,5,1,27,26,0,5,1,3
"Mon, Feb 20",NY Islanders,Ottawa,0,6,28,32,0,3,3,5
"Fri, Feb 24",NY Islanders,NY Rangers,4,3,27,36,1,4,3,5
"Sun, Feb 26",Ottawa,NY Islanders,5,2,30,24,0,1,1,3
"Tue, Feb 28",Washington,NY Islanders,3,2,24,34,0,3,4,4
"Thu, Mar 1",Philadelphia,NY Islanders,6,3,24,30,0,2,0,1
"Sun, Mar 4",NY Islanders,New Jersey,1,0,25,24,0,5,1,1
"Thu, Mar 8",New Jersey,NY Islanders,5,1,30,20,0,3,2,3
"Sat, Mar 10",NY Islanders,New Jersey,1,2,24,35,0,3,3,4
"Sun, Mar 11",NY Rangers,NY Islanders,4,3,19,36,1,4,3,6
"Tue, Mar 13",NY Islanders,Washington,4,5,30,28,2,5,0,0
"Thu, Mar 15",NY Islanders,Philadelphia,2,3,31,22,0,2,0,0
"Tue, Mar 20",Toronto,NY Islanders,2,5,34,14,1,4,1,1
"Sat, Mar 24",Tampa Bay,NY Islanders,4,3,37,26,1,3,3,3
"Tue, Mar 27",Pittsburgh,NY Islanders,3,5,25,54,1,4,2,3
"Thu, Mar 29",NY Islanders,Pittsburgh,5,3,24,29,1,4,4,4
"Sun, Apr 1",NY Islanders,Ottawa,1,5,30,32,0,3,1,3
"Tue, Apr 3",New Jersey,NY Islanders,3,1,20,20,0,0,3,4
"Thu, Apr 5",NY Islanders,Winnipeg,5,4,28,25,0,3,3,3
"Tue, Oct 18",Vancouver,NY Rangers,0,4,19,40,0,4,8,8
"Mon, Oct 24",Winnipeg,NY Rangers,1,2,17,28,2,5,1,1
"Thu, Oct 27",NY Rangers,Toronto,2,4,30,36,0,3,4,4
"Sat, Oct 29",NY Rangers,Ottawa,4,5,28,40,2,4,3,4
"Mon, Oct 31",NY Rangers,San Jose,5,2,31,26,1,5,3,3
"Sun, Nov 6",NY Rangers,Winnipeg,3,0,27,23,1,6,4,4
"Wed, Nov 9",Ottawa,NY Rangers,2,3,19,31,0,1,2,2
"Fri, Nov 25",Washington,NY Rangers,3,6,33,21,1,5,3,4
"Sat, Nov 26",NY Rangers,Philadelphia,2,0,32,29,1,2,2,2
"Tue, Nov 29",NY Rangers,Pittsburgh,4,3,30,27,2,6,3,4
"Sat, Dec 3",Tampa Bay,NY Rangers,2,4,36,26,0,2,1,1
"Mon, Dec 5",NY Rangers,Toronto,2,4,32,30,1,5,3,4
"Thu, Dec 8",NY Rangers,Tampa Bay,2,3,30,31,1,6,4,4
"Thu, Dec 15",St. Louis,NY Rangers,4,1,26,36,0,0,1,1
"Tue, Dec 20",New Jersey,NY Rangers,1,4,21,31,0,1,3,3
"Fri, Dec 23",NY Rangers,Philadelphia,4,2,24,30,1,4,3,4
"Wed, Dec 28",Washington,NY Rangers,4,1,32,23,0,5,2,2
"Mon, Jan 2",Philadelphia,NY Rangers,2,3,33,36,0,1,2,2
"Fri, Jan 6",Pittsburgh,NY Rangers,1,3,21,38,0,2,4,4
"Thu, Jan 12",NY Rangers,Ottawa,0,3,34,24,0,4,1,2
"Sat, Jan 14",Toronto,NY Rangers,0,3,30,20,0,2,2,2
"Tue, Jan 17",NY Rangers,Nashville,3,0,28,27,0,2,3,3
"Thu, Jan 19",NY Rangers,Pittsburgh,1,4,31,36,0,2,2,2
"Tue, Jan 24",NY Rangers,Winnipeg,3,0,31,22,0,4,2,2
"Tue, Jan 31",New Jersey,NY Rangers,4,3,26,29,0,3,2,3
"Sun, Feb 5",NY Rangers,Philadelphia,5,2,38,23,0,5,5,6
"Tue, Feb 7",NY Rangers,New Jersey,0,1,30,22,0,3,3,4
"Thu, Feb 9",NY Rangers,Tampa Bay,4,3,31,17,1,3,1,2
"Sat, Feb 11",Philadelphia,NY Rangers,2,5,26,33,3,7,4,4
"Sun, Feb 12",NY Rangers,Washington,3,2,28,26,0,2,2,2
"Tue, Feb 21",Pittsburgh,NY Rangers,2,0,27,31,0,3,1,2
"Mon, Feb 27",NY Rangers,New Jersey,2,0,15,13,0,2,1,1
"Fri, Mar 2",Tampa Bay,NY Rangers,4,3,19,31,1,2,4,4
"Tue, Mar 6",New Jersey,NY Rangers,4,1,26,29,0,2,4,4
"Thu, Mar 8",Ottawa,NY Rangers,4,1,26,22,0,4,2,2
"Thu, Mar 15",NY Rangers,Pittsburgh,2,5,31,32,0,1,4,4
"Mon, Mar 19",NY Rangers,New Jersey,4,2,27,22,1,3,3,3
"Sat, Mar 24",Toronto,NY Rangers,3,4,33,25,0,2,3,3
"Wed, Mar 28",Winnipeg,NY Rangers,2,4,28,24,2,5,5,5
"Tue, Apr 3",Philadelphia,NY Rangers,3,5,24,40,3,6,7,8
"Thu, Apr 5",Pittsburgh,NY Rangers,5,2,37,32,1,6,1,1
"Sat, Apr 7",NY Rangers,Washington,1,4,36,17,0,3,2,3
"Sat, Oct 8",St. Louis,Nashville,2,4,16,33,2,4,4,5
"Sat, Oct 15",Nashville,New Jersey,2,3,31,41,1,3,4,5
"Thu, Oct 20",Vancouver,Nashville,5,1,26,40,0,4,8,10
"Tue, Oct 25",Nashville,San Jose,1,3,20,36,1,4,2,2
"Thu, Oct 27",Nashville,Tampa Bay,5,3,27,32,0,3,1,2
"Sat, Nov 5",San Jose,Nashville,3,4,35,38,1,3,3,4
"Tue, Nov 15",Nashville,Washington,3,1,31,40,0,2,3,3
"Thu, Nov 17",Nashville,Toronto,4,1,22,39,0,3,1,2
"Thu, Dec 1",Vancouver,Nashville,5,6,20,37,3,3,2,4
"Sat, Dec 17",Nashville,St. Louis,2,1,20,40,0,0,5,6
"Tue, Dec 20",Washington,Nashville,4,1,21,23,0,5,1,2
"Fri, Dec 30",St. Louis,Nashville,1,2,34,36,0,2,4,4
"Sat, Jan 14",Nashville,Philadelphia,4,2,25,38,1,3,2,2
"Thu, Feb 2",Philadelphia,Nashville,4,1,27,28,0,4,2,3
"Sat, Feb 4",Nashville,St. Louis,3,1,37,43,1,2,2,2
"Tue, Feb 7",Nashville,Vancouver,3,4,40,31,0,4,0,1
"Thu, Feb 9",Ottawa,Nashville,4,3,27,29,1,5,4,6
"Tue, Feb 21",Nashville,Vancouver,3,1,28,33,1,3,2,2
"Thu, Feb 23",Nashville,St. Louis,2,3,27,24,0,1,1,1
"Sat, Feb 25",Nashville,San Jose,6,2,21,34,1,4,3,3
"Thu, Mar 15",San Jose,Nashville,2,1,33,35,1,2,3,4
"Thu, Mar 22",Pittsburgh,Nashville,5,1,30,23,0,2,1,1
"Sat, Mar 24",Nashville,Winnipeg,3,1,28,25,1,4,1,1
"Tue, Mar 27",St. Louis,Nashville,3,0,24,24,0,1,1,1
"Sat, Oct 8",New Jersey,Philadelphia,0,3,20,29,0,5,8,8
"Fri, Oct 21",New Jersey,San Jose,3,4,19,41,1,4,5,5
"Sat, Oct 22",Pittsburgh,New Jersey,4,1,24,29,0,2,4,6
"Wed, Nov 2",New Jersey,Toronto,3,5,22,23,2,2,2,2
"Thu, Nov 3",Philadelphia,New Jersey,3,4,39,23,0,3,6,6
"Sat, Nov 5",New Jersey,Winnipeg,3,2,28,23,0,2,3,3
"Fri, Nov 11",New Jersey,Washington,1,3,33,20,0,5,4,4
"Sat, Nov 12",Washington,New Jersey,2,3,19,17,0,5,5,5
"Sat, Nov 19",Tampa Bay,New Jersey,2,4,24,23,2,8,6,6
"Sat, Dec 3",Winnipeg,New Jersey,4,2,25,20,1,4,2,2
"Tue, Dec 6",Toronto,New Jersey,2,3,26,31,2,4,2,2
"Thu, Dec 8",New Jersey,Ottawa,5,4,31,29,0,5,5,6
"Mon, Dec 12",Tampa Bay,New Jersey,4,5,22,36,1,3,4,5
"Fri, Dec 23",New Jersey,Washington,4,3,28,25,1,4,3,3
"Sat, Dec 31",New Jersey,Pittsburgh,3,1,21,30,1,6,3,4
"Mon, Jan 2",Ottawa,New Jersey,3,2,29,32,0,2,3,4
"Sat, Jan 7",Pittsburgh,New Jersey,1,3,27,42,1,1,2,2
"Sat, Jan 14",Winnipeg,New Jersey,1,2,25,23,0,2,2,2
"Tue, Jan 17",New Jersey,Winnipeg,5,1,20,21,1,4,1,1
"Sat, Jan 21",New Jersey,Philadelphia,1,4,31,20,0,6,3,5
"Sat, Feb 4",Philadelphia,New Jersey,4,6,31,41,3,7,6,7
"Sun, Feb 5",New Jersey,Pittsburgh,5,2,25,30,0,2,1,3
"Thu, Feb 9",New Jersey,St. Louis,3,4,27,26,1,3,1,1
"Tue, Feb 21",Toronto,New Jersey,3,4,32,32,0,3,2,2
"Fri, Feb 24",New Jersey,Vancouver,1,2,31,16,0,2,1,1
"Sun, Feb 26",New Jersey,Tampa Bay,3,4,22,16,1,4,2,3
"Fri, Mar 2",Washington,New Jersey,0,5,20,23,1,2,2,2
"Sun, Mar 11",New Jersey,Philadelphia,4,1,31,19,2,5,2,2
"Tue, Mar 13",Philadelphia,New Jersey,3,0,17,29,0,5,5,5
"Sat, Mar 17",New Jersey,Pittsburgh,2,5,14,44,0,3,2,3
"Tue, Mar 20",Ottawa,New Jersey,0,1,34,34,1,4,3,3
"Fri, Mar 23",New Jersey,Toronto,3,4,46,17,0,2,0,0
"Sun, Mar 25",Pittsburgh,New Jersey,5,2,34,28,0,2,4,4
"Thu, Mar 29",New Jersey,Tampa Bay,6,4,38,20,1,4,3,3
"Sat, Apr 7",New Jersey,Ottawa,4,2,35,33,2,3,2,2
"Sat, Oct 8",Toronto,Ottawa,6,5,32,35,2,8,7,9
"Sat, Oct 15",Washington,Ottawa,2,1,34,26,0,1,2,3
"Tue, Oct 18",Ottawa,Philadelphia,2,7,23,30,0,5,3,6
"Thu, Oct 20",Ottawa,Winnipeg,4,1,30,36,1,4,4,4
"Sun, Oct 30",Ottawa,Toronto,3,2,30,25,2,4,5,6
"Sat, Nov 12",Toronto,Ottawa,2,5,24,33,1,3,5,5
"Sun, Nov 20",Vancouver,Ottawa,2,1,29,27,0,5,3,4
"Fri, Nov 25",Pittsburgh,Ottawa,6,3,27,40,0,4,4,5
"Tue, Nov 29",Winnipeg,Ottawa,4,6,34,43,1,4,4,5
"Sat, Dec 3",Washington,Ottawa,3,2,34,35,0,1,4,4
"Mon, Dec 5",Ottawa,Tampa Bay,4,2,31,33,0,3,3,3
"Wed, Dec 7",Ottawa,Washington,3,5,34,44,1,6,3,4
"Sat, Dec 10",Ottawa,Vancouver,1,4,25,28,0,5,3,5
"Fri, Dec 16",Ottawa,Pittsburgh,6,4,24,36,1,5,2,4
"Thu, Jan 5",Ottawa,Tampa Bay,4,1,24,36,0,2,3,3
"Sat, Jan 7",Philadelphia,Ottawa,3,2,37,39,1,3,5,6
"Sun, Jan 8",Ottawa,Philadelphia,6,4,38,37,0,2,2,3
"Tue, Jan 10",Pittsburgh,Ottawa,1,5,23,30,1,4,1,1
"Mon, Jan 16",Ottawa,Winnipeg,0,2,25,35,0,2,3,3
"Tue, Jan 17",Toronto,Ottawa,2,3,21,39,0,1,2,2
"Thu, Jan 19",San Jose,Ottawa,1,4,21,37,1,4,3,3
"Sat, Feb 4",Ottawa,Toronto,0,5,49,40,0,3,3,5
"Tue, Feb 7",Ottawa,St. Louis,1,3,29,18,1,4,1,1
"Tue, Feb 14",Tampa Bay,Ottawa,0,4,27,28,1,2,2,2
"Wed, Feb 22",Ottawa,Washington,5,2,26,35,2,3,4,5
"Tue, Mar 6",Tampa Bay,Ottawa,3,7,35,28,2,3,2,3
"Sat, Mar 17",Ottawa,Toronto,1,3,30,18,0,3,2,4
"Sat, Mar 24",Ottawa,Pittsburgh,8,4,28,40,2,4,4,4
"Mon, Mar 26",Winnipeg,Ottawa,4,6,35,48,0,2,3,4
"Sat, Mar 31",Philadelphia,Ottawa,3,4,29,39,0,4,5,5
"Wed, Oct 12",Philadelphia,Vancouver,5,4,27,40,2,5,5,7
"Thu, Oct 20",Philadelphia,Washington,2,5,42,28,0,2,5,6
"Sat, Oct 22",Philadelphia,St. Louis,2,4,36,25,1,3,1,2
"Mon, Oct 24",Philadelphia,Toronto,4,2,30,26,2,5,3,3
"Thu, Oct 27",Philadelphia,Winnipeg,8,9,48,25,1,5,3,5
"Wed, Nov 9",Tampa Bay,Philadelphia,2,1,15,24,1,5,6,7
"Sat, Nov 19",Winnipeg,Philadelphia,6,4,31,40,2,8,5,8
"Thu, Dec 8",Philadelphia,Pittsburgh,3,2,29,27,1,6,4,5
"Sat, Dec 10",Philadelphia,Tampa Bay,5,2,32,19,2,5,3,4
"Tue, Dec 13",Washington,Philadelphia,1,5,33,32,0,1,3,3
"Tue, Dec 27",Tampa Bay,Philadelphia,5,1,32,16,0,4,3,4
"Thu, Dec 29",Pittsburgh,Philadelphia,2,4,23,26,1,4,3,3
"Tue, Jan 31",Philadelphia,Winnipeg,1,2,28,24,1,1,3,3
"Thu, Feb 9",Philadelphia,Toronto,4,3,39,27,0,4,3,4
"Sat, Feb 18",Philadelphia,Pittsburgh,4,6,31,30,1,6,3,3
"Tue, Feb 21",Winnipeg,Philadelphia,4,5,55,26,1,3,0,3
"Tue, Feb 28",San Jose,Philadelphia,1,0,26,23,0,2,1,1
"Sun, Mar 4",Washington,Philadelphia,0,1,23,34,0,1,0,0
"Sat, Mar 10",Toronto,Philadelphia,0,1,27,29,0,0,3,3
"Sun, Mar 18",Philadelphia,Pittsburgh,3,2,27,40,1,4,2,2
"Thu, Mar 22",Philadelphia,Washington,2,1,28,31,0,1,2,2
"Mon, Mar 26",Philadelphia,Tampa Bay,3,5,38,15,1,6,2,3
"Thu, Mar 29",Toronto,Philadelphia,1,7,30,17,1,3,3,3
"Sun, Apr 1",Pittsburgh,Philadelphia,4,6,26,47,1,3,4,5
"Sat, Apr 7",Pittsburgh,Philadelphia,4,2,21,23,1,6,3,4
"Thu, Oct 6",Vancouver,Pittsburgh,3,4,28,36,2,3,3,3
"Thu, Oct 13",Pittsburgh,Washington,2,3,41,19,1,5,0,1
"Mon, Oct 17",Winnipeg,Pittsburgh,2,1,29,34,0,3,4,4
"Sat, Oct 29",Toronto,Pittsburgh,4,3,37,29,2,4,0,2
"Thu, Nov 3",San Jose,Pittsburgh,4,3,36,37,0,0,1,1
"Thu, Nov 17",Tampa Bay,Pittsburgh,4,1,34,18,0,7,4,6
"Wed, Nov 23",Pittsburgh,St. Louis,2,3,33,43,1,3,5,5
"Thu, Dec 1",Washington,Pittsburgh,1,2,35,17,0,3,2,2
"Fri, Dec 23",Winnipeg,Pittsburgh,1,4,39,19,1,4,3,3
"Wed, Jan 11",Washington,Pittsburgh,1,0,30,21,0,0,2,2
"Sun, Jan 15",Tampa Bay,Pittsburgh,3,6,44,20,2,5,0,1
"Sun, Jan 22",Pittsburgh,Washington,4,3,27,20,1,5,4,4
"Tue, Jan 24",St. Louis,Pittsburgh,2,3,39,34,1,4,3,3
"Tue, Jan 31",Pittsburgh,Toronto,5,4,35,39,0,1,2,3
"Wed, Feb 1",Toronto,Pittsburgh,1,0,25,24,0,2,4,4
"Sat, Feb 11",Pittsburgh,Winnipeg,8,5,39,25,2,3,1,1
"Sun, Feb 12",Pittsburgh,Tampa Bay,4,2,41,23,1,4,2,2
"Sat, Feb 25",Pittsburgh,Tampa Bay,8,1,34,35,2,2,5,6
"Wed, Mar 7",Pittsburgh,Toronto,3,2,33,24,0,4,4,4
"Tue, Mar 20",Pittsburgh,Winnipeg,8,4,35,30,1,3,1,2
"Sat, Oct 15",San Jose,St. Louis,2,4,36,20,1,2,3,3
"Sat, Nov 26",San Jose,Vancouver,2,3,45,27,0,3,0,1
"Sat, Dec 10",St. Louis,San Jose,1,0,24,19,0,6,4,5
"Wed, Dec 21",San Jose,Tampa Bay,7,2,43,24,2,4,5,5
"Wed, Dec 28",San Jose,Vancouver,2,3,35,30,1,4,3,4
"Mon, Jan 2",Vancouver,San Jose,2,3,35,29,0,3,5,6
"Sat, Jan 7",San Jose,Washington,5,2,39,30,1,3,0,1
"Thu, Jan 12",Winnipeg,San Jose,0,2,37,24,0,2,2,2
"Sat, Jan 21",Vancouver,San Jose,4,3,26,30,1,1,4,4
"Sun, Feb 12",St. Louis,San Jose,3,0,25,28,0,4,4,6
"Mon, Feb 13",Washington,San Jose,3,5,35,42,3,6,4,4
"Thu, Feb 16",Tampa Bay,San Jose,6,5,50,25,1,3,0,1
"Thu, Feb 23",Toronto,San Jose,1,2,25,30,1,2,0,0
"Sat, Mar 3",San Jose,St. Louis,1,3,19,32,0,3,3,5
"Wed, Oct 26",Vancouver,St. Louis,0,3,31,32,0,3,2,2
"Fri, Nov 4",St. Louis,Vancouver,3,2,28,30,0,2,2,3
"Thu, Nov 10",St. Louis,Toronto,2,3,40,22,1,5,1,3
"Sat, Nov 12",St. Louis,Tampa Bay,3,0,24,19,0,3,5,5
"Tue, Nov 29",Washington,St. Louis,1,2,30,19,0,4,1,1
"Thu, Jan 12",St. Louis,Vancouver,2,3,33,21,0,4,2,3
"Sat, Feb 25",Winnipeg,St. Louis,2,3,16,41,0,1,2,2
"Thu, Mar 1",Vancouver,St. Louis,2,0,29,24,0,2,2,2
"Sat, Mar 17",Tampa Bay,St. Louis,1,3,21,23,1,2,3,3
"Mon, Oct 10",Washington,Tampa Bay,6,5,28,43,0,4,7,7
"Sat, Oct 29",Tampa Bay,Winnipeg,1,0,27,28,1,4,2,2
"Mon, Nov 14",Winnipeg,Tampa Bay,5,2,32,39,0,6,1,2
"Tue, Nov 22",Tampa Bay,Toronto,1,7,28,26,1,5,2,4
"Tue, Jan 3",Toronto,Tampa Bay,7,3,24,42,0,5,4,6
"Tue, Jan 10",Tampa Bay,Vancouver,4,5,31,28,0,3,4,4
"Fri, Jan 13",Washington,Tampa Bay,4,3,31,20,1,5,2,4
"Tue, Jan 31",Tampa Bay,Washington,4,3,31,29,0,1,3,3
"Thu, Feb 2",Tampa Bay,Winnipeg,1,2,31,24,0,2,2,2
"Sat, Feb 18",Tampa Bay,Washington,2,1,23,24,0,5,2,2
"Thu, Feb 23",Winnipeg,Tampa Bay,4,3,25,34,2,5,1,3
"Thu, Mar 8",Washington,Tampa Bay,3,2,26,32,2,3,2,2
"Thu, Mar 15",Tampa Bay,Toronto,1,3,35,28,0,5,5,6
"Sat, Mar 31",Tampa Bay,Winnipeg,3,2,39,28,1,8,3,3
"Mon, Apr 2",Tampa Bay,Washington,4,2,27,33,1,4,2,2
"Thu, Apr 5",Toronto,Tampa Bay,3,2,37,31,0,0,2,2
"Sat, Apr 7",Winnipeg,Tampa Bay,3,4,25,31,0,3,2,2
"Wed, Oct 19",Toronto,Winnipeg,4,3,23,29,2,4,2,4
"Sat, Nov 19",Toronto,Washington,7,1,29,41,3,5,5,5
"Fri, Dec 9",Washington,Toronto,4,2,28,25,0,2,2,6
"Sat, Dec 17",Toronto,Vancouver,3,5,29,36,1,1,1,1
"Sat, Dec 31",Winnipeg,Toronto,3,2,24,35,1,3,4,6
"Thu, Jan 5",Toronto,Winnipeg,4,0,25,24,1,3,1,1
"Tue, Feb 7",Winnipeg,Toronto,2,1,18,29,0,2,2,2
"Sat, Feb 18",Vancouver,Toronto,6,2,26,36,0,2,1,2
"Sat, Feb 25",Toronto,Washington,2,4,30,36,0,4,1,1
"Sun, Mar 11",Washington,Toronto,2,0,23,23,0,1,1,1
"Sat, Oct 29",Vancouver,Washington,7,4,43,32,2,5,3,4
"Thu, Mar 8",Vancouver,Winnipeg,3,2,45,32,0,1,3,3
"Thu, Nov 17",Winnipeg,Washington,4,1,32,31,0,5,3,5
"Wed, Nov 23",Washington,Winnipeg,4,3,37,25,0,3,2,2
"Thu, Dec 15",Winnipeg,Washington,0,1,28,26,0,2,4,4
"Thu, Feb 9",Washington,Winnipeg,2,3,34,27,2,5,1,3
"Fri, Mar 16",Winnipeg,Washington,3,2,22,28,1,3,5,5
"Fri, Mar 23",Washington,Winnipeg,3,4,23,42,0,2,2,2
