2013,"Sat, Jan 19",Vancouver,Anaheim,3,7,26,29,3,3,2,4
2013,"Mon, Jan 21",Calgary,Anaheim,4,5,24,25,0,2,1,3
2013,"Fri, Jan 25",Anaheim,Vancouver,0,5,30,34,0,2,6,9
2013,"Sat, Jan 26",Anaheim,Nashville,3,2,22,21,0,4,3,3
2013,"Tue, Jan 29",San Jose,Anaheim,3,2,30,18,0,4,2,2
2013,"Fri, Feb 1",Anaheim,Minnesota,3,1,31,27,1,2,1,1
2013,"Sat, Feb 2",Anaheim,Los Angeles,7,4,25,34,3,4,2,4
2013,"Mon, Feb 4",Anaheim,San Jose,2,1,32,26,0,6,6,6
2013,"Wed, Feb 6",Colorado,Anaheim,0,3,20,31,1,3,1,1
2013,"Fri, Feb 8",Dallas,Anaheim,3,1,21,28,0,3,3,5
2013,"Sat, Feb 9",St. Louis,Anaheim,5,6,23,31,0,1,0,2
2013,"Tue, Feb 12",Chicago,Anaheim,2,3,31,30,1,5,5,6
2013,"Fri, Feb 15",Detroit,Anaheim,2,5,37,28,0,3,3,4
2013,"Sat, Feb 16",Nashville,Anaheim,2,3,22,34,0,2,5,5
2013,"Mon, Feb 18",Anaheim,Columbus,3,2,29,27,2,3,3,3
2013,"Sun, Feb 24",Anaheim,Colorado,4,3,39,23,3,5,4,5
2013,"Mon, Feb 25",Los Angeles,Anaheim,5,2,26,25,1,3,1,2
2013,"Wed, Feb 27",Anaheim,Nashville,5,1,28,21,2,3,2,2
2013,"Fri, Mar 1",Anaheim,Minnesota,3,2,29,33,0,1,3,3
2013,"Sat, Mar 2",Arizona,Anaheim,5,4,35,37,1,3,0,0
2013,"Mon, Mar 4",Arizona,Anaheim,5,4,31,40,1,2,3,4
2013,"Wed, Mar 6",Anaheim,Arizona,2,0,24,18,0,1,3,3
2013,"Fri, Mar 8",Anaheim,Calgary,4,0,24,29,0,0,2,2
2013,"Sun, Mar 10",Anaheim,St. Louis,4,2,22,31,1,7,2,3
2013,"Tue, Mar 12",Minnesota,Anaheim,1,2,21,31,0,3,4,5
2013,"Thu, Mar 14",Dallas,Anaheim,1,2,30,34,0,3,5,5
2013,"Sat, Mar 16",St. Louis,Anaheim,2,1,28,21,0,2,2,3
2013,"Mon, Mar 18",Anaheim,San Jose,5,3,28,35,0,1,3,3
2013,"Wed, Mar 20",Anaheim,Chicago,4,2,26,24,0,1,1,2
2013,"Fri, Mar 22",Anaheim,Detroit,1,5,34,23,0,3,1,2
2013,"Sun, Mar 24",Anaheim,Detroit,1,2,34,21,1,3,4,5
2013,"Mon, Mar 25",Anaheim,San Jose,3,5,27,39,0,2,5,5
2013,"Wed, Mar 27",San Jose,Anaheim,4,0,22,29,0,2,2,3
2013,"Fri, Mar 29",Chicago,Anaheim,1,2,24,26,0,1,3,4
2013,"Sun, Mar 31",Columbus,Anaheim,2,1,30,18,0,2,1,1
2013,"Mon, Apr 1",Dallas,Anaheim,0,4,30,26,1,2,4,4
2013,"Wed, Apr 3",Anaheim,Dallas,5,2,27,25,1,1,0,0
2013,"Fri, Apr 5",Anaheim,Dallas,1,3,28,25,0,4,6,6
2013,"Sun, Apr 7",Anaheim,Los Angeles,4,3,22,38,1,4,1,2
2013,"Mon, Apr 8",Anaheim,Edmonton,2,1,38,28,0,5,3,3
2013,"Wed, Apr 10",Anaheim,Colorado,1,4,22,28,0,3,1,2
2013,"Sat, Apr 13",Los Angeles,Anaheim,2,1,20,18,0,1,5,6
2013,"Wed, Apr 17",Anaheim,Columbus,2,3,28,28,1,3,3,3
2013,"Fri, Apr 19",Calgary,Anaheim,3,1,33,31,0,2,3,3
2013,"Sun, Apr 21",Edmonton,Anaheim,1,3,30,28,1,5,4,4
2013,"Mon, Apr 22",Edmonton,Anaheim,0,3,28,24,1,3,3,3
2013,"Thu, Apr 25",Vancouver,Anaheim,1,3,30,29,1,3,3,4
2013,"Sat, Apr 27",Anaheim,Arizona,3,5,46,31,1,4,2,2
2013,"Sat, Jan 19",Dallas,Arizona,4,3,40,26,2,5,2,4
2013,"Sun, Jan 20",Arizona,Chicago,4,6,29,31,0,3,4,5
2013,"Wed, Jan 23",Arizona,Columbus,5,1,42,26,1,5,3,3
2013,"Thu, Jan 24",San Jose,Arizona,5,3,35,35,2,6,5,7
2013,"Sat, Jan 26",Arizona,Los Angeles,2,4,33,31,1,6,4,4
2013,"Mon, Jan 28",Arizona,Nashville,4,0,25,21,1,4,2,2
2013,"Wed, Jan 30",Arizona,Edmonton,1,2,28,21,1,2,3,4
2013,"Fri, Feb 1",Dallas,Arizona,4,3,34,24,0,3,2,2
2013,"Sat, Feb 2",Arizona,Dallas,2,0,34,17,1,7,1,1
2013,"Mon, Feb 4",Arizona,Minnesota,2,1,34,22,0,1,2,2
2013,"Thu, Feb 7",Arizona,Chicago,2,6,24,33,1,2,7,9
2013,"Sat, Feb 9",San Jose,Arizona,0,1,21,33,0,3,4,4
2013,"Mon, Feb 11",Colorado,Arizona,2,3,30,43,0,5,4,4
2013,"Thu, Feb 14",Nashville,Arizona,3,0,19,29,0,4,1,2
2013,"Sat, Feb 16",Arizona,Columbus,5,3,35,20,1,7,3,3
2013,"Mon, Feb 18",Arizona,Calgary,4,0,37,30,0,1,1,1
2013,"Sat, Feb 23",Edmonton,Arizona,3,2,36,43,1,7,3,4
2013,"Sun, Feb 24",Calgary,Arizona,5,4,27,31,1,5,3,3
2013,"Tue, Feb 26",Vancouver,Arizona,2,4,22,31,0,1,2,2
2013,"Thu, Feb 28",Arizona,Minnesota,3,4,28,23,0,3,4,5
2013,"Sat, Mar 2",Arizona,Anaheim,5,4,37,35,0,0,2,3
2013,"Mon, Mar 4",Arizona,Anaheim,5,4,40,31,1,4,1,2
2013,"Wed, Mar 6",Anaheim,Arizona,2,0,18,24,0,3,1,1
2013,"Thu, Mar 7",Arizona,St. Louis,3,6,26,30,1,5,3,3
2013,"Sat, Mar 9",Arizona,Dallas,2,1,21,21,0,2,4,5
2013,"Tue, Mar 12",Arizona,Los Angeles,5,2,29,33,1,3,3,5
2013,"Thu, Mar 14",St. Louis,Arizona,3,0,28,30,0,3,5,5
2013,"Sat, Mar 16",Columbus,Arizona,1,0,39,23,0,2,2,2
2013,"Mon, Mar 18",Los Angeles,Arizona,4,0,27,29,0,4,4,6
2013,"Tue, Mar 19",Los Angeles,Arizona,3,2,42,29,0,3,4,5
2013,"Thu, Mar 21",Arizona,Vancouver,1,2,34,32,1,4,4,4
2013,"Mon, Mar 25",Arizona,Detroit,2,3,30,35,1,3,3,5
2013,"Wed, Mar 27",Minnesota,Arizona,4,3,27,37,0,2,4,4
2013,"Thu, Mar 28",Nashville,Arizona,4,7,29,38,1,2,4,4
2013,"Sat, Mar 30",San Jose,Arizona,3,2,29,34,0,1,1,2
2013,"Tue, Apr 2",Arizona,Los Angeles,3,1,31,40,0,3,3,3
2013,"Thu, Apr 4",Arizona,Detroit,4,2,38,36,0,4,4,6
2013,"Sat, Apr 6",Arizona,Colorado,4,0,28,24,1,4,4,4
2013,"Mon, Apr 8",Vancouver,Arizona,2,0,19,41,0,3,2,2
2013,"Wed, Apr 10",Edmonton,Arizona,1,3,32,30,1,5,3,3
2013,"Fri, Apr 12",Calgary,Arizona,3,2,31,25,0,2,0,1
2013,"Mon, Apr 15",Arizona,San Jose,0,4,35,41,0,3,1,2
2013,"Thu, Apr 18",St. Louis,Arizona,2,1,34,30,1,3,2,2
2013,"Sat, Apr 20",Chicago,Arizona,2,3,31,38,0,5,2,4
2013,"Mon, Apr 22",Detroit,Arizona,4,0,34,23,0,4,2,5
2013,"Wed, Apr 24",Arizona,San Jose,2,1,32,34,1,4,2,2
2013,"Fri, Apr 26",Arizona,Colorado,4,5,37,28,2,6,2,4
2013,"Sat, Apr 27",Anaheim,Arizona,3,5,31,46,0,2,3,4
2013,"Sat, Jan 19",Boston,NY Rangers,3,1,34,21,0,7,5,5
2013,"Mon, Jan 21",Boston,Winnipeg,2,1,27,27,0,2,4,4
2013,"Wed, Jan 23",NY Rangers,Boston,4,3,29,33,1,5,5,5
2013,"Fri, Jan 25",Boston,NY Islanders,4,2,27,26,0,3,3,3
2013,"Mon, Jan 28",Carolina,Boston,3,5,38,32,2,4,6,6
2013,"Tue, Jan 29",Boston,New Jersey,2,1,28,26,0,3,4,5
2013,"Thu, Jan 31",Boston,Buffalo,4,7,42,32,0,4,2,3
2013,"Sat, Feb 2",Toronto,Boston,0,1,34,21,0,2,3,3
2013,"Wed, Feb 6",Montreal,Boston,1,2,23,21,0,4,4,5
2013,"Sun, Feb 10",Buffalo,Boston,1,3,39,26,1,5,3,3
2013,"Tue, Feb 12",Boston,NY Rangers,3,4,40,29,0,4,4,4
2013,"Fri, Feb 15",Buffalo,Boston,4,2,32,26,1,2,3,3
2013,"Sun, Feb 17",Winnipeg,Boston,2,3,26,24,1,1,2,2
2013,"Thu, Feb 21",Tampa Bay,Boston,2,4,26,26,0,0,3,3
2013,"Sun, Feb 24",Florida,Boston,1,4,32,35,1,1,4,4
2013,"Tue, Feb 26",NY Islanders,Boston,1,4,34,37,0,4,3,3
2013,"Thu, Feb 28",Boston,Ottawa,2,1,46,31,0,3,4,5
2013,"Sat, Mar 2",Boston,Tampa Bay,3,2,27,22,2,5,6,8
2013,"Sun, Mar 3",Boston,Montreal,3,4,34,26,0,2,4,5
2013,"Tue, Mar 5",Washington,Boston,4,3,33,26,1,2,4,4
2013,"Thu, Mar 7",Boston,Toronto,4,2,25,27,0,3,3,3
2013,"Sat, Mar 9",Boston,Philadelphia,3,0,28,23,1,2,3,3
2013,"Mon, Mar 11",Ottawa,Boston,2,3,35,32,0,3,2,2
2013,"Tue, Mar 12",Pittsburgh,Boston,3,2,16,34,1,2,4,4
2013,"Thu, Mar 14",Boston,Florida,4,1,32,30,0,2,2,2
2013,"Sat, Mar 16",Boston,Washington,4,1,38,33,1,1,3,3
2013,"Sun, Mar 17",Pittsburgh,Boston,2,1,32,18,0,2,1,1
2013,"Tue, Mar 19",Winnipeg,Boston,3,1,28,25,0,4,1,2
2013,"Thu, Mar 21",Ottawa,Boston,1,2,29,28,0,2,0,0
2013,"Sat, Mar 23",Toronto,Boston,3,2,33,13,0,1,2,2
2013,"Mon, Mar 25",Boston,Toronto,3,2,29,25,0,1,2,3
2013,"Wed, Mar 27",Boston,Montreal,5,6,41,28,1,4,5,6
2013,"Sat, Mar 30",Philadelphia,Boston,3,1,34,22,0,2,0,1
2013,"Sun, Mar 31",Buffalo,Boston,0,2,31,26,0,0,4,4
2013,"Tue, Apr 2",Boston,Ottawa,3,2,50,47,0,3,3,3
2013,"Thu, Apr 4",Boston,New Jersey,1,0,26,40,0,1,1,1
2013,"Sat, Apr 6",Montreal,Boston,2,1,27,29,0,1,0,1
2013,"Mon, Apr 8",Boston,Carolina,6,2,36,42,0,2,1,1
2013,"Wed, Apr 10",New Jersey,Boston,4,5,18,28,1,3,7,7
2013,"Thu, Apr 11",Boston,NY Islanders,1,2,31,36,1,1,1,1
2013,"Sat, Apr 13",Carolina,Boston,4,2,30,38,0,3,1,3
2013,"Wed, Apr 17",Boston,Buffalo,2,3,43,32,0,2,4,6
2013,"Sat, Apr 20",Boston,Pittsburgh,2,3,40,24,1,4,4,6
2013,"Sun, Apr 21",Boston,Florida,3,0,39,28,0,2,2,2
2013,"Tue, Apr 23",Philadelphia,Boston,5,2,41,29,0,3,3,3
2013,"Thu, Apr 25",Boston,Tampa Bay,2,0,24,30,0,1,3,3
2013,"Sat, Apr 27",Washington,Boston,3,2,34,37,0,2,2,5
2013,"Sun, Apr 28",Boston,Ottawa,2,4,36,22,1,2,2,2
2013,"Sun, Jan 20",Buffalo,Philadelphia,5,2,41,29,3,6,3,4
2013,"Mon, Jan 21",Toronto,Buffalo,1,2,20,35,0,3,6,7
2013,"Thu, Jan 24",Carolina,Buffalo,6,3,33,38,0,6,4,4
2013,"Fri, Jan 25",Buffalo,Carolina,1,3,41,42,1,4,3,5
2013,"Sun, Jan 27",Washington,Buffalo,3,2,24,30,0,2,2,3
2013,"Tue, Jan 29",Buffalo,Toronto,3,4,32,24,1,1,2,2
2013,"Thu, Jan 31",Boston,Buffalo,4,7,32,42,1,3,4,4
2013,"Sat, Feb 2",Montreal,Buffalo,6,1,31,32,0,6,6,8
2013,"Sun, Feb 3",Buffalo,Florida,3,4,20,33,0,1,1,2
2013,"Tue, Feb 5",Ottawa,Buffalo,4,3,23,24,0,4,1,2
2013,"Thu, Feb 7",Buffalo,Montreal,5,4,40,32,1,7,3,4
2013,"Sat, Feb 9",NY Islanders,Buffalo,2,3,15,43,0,2,3,3
2013,"Sun, Feb 10",Buffalo,Boston,1,3,26,39,0,3,4,5
2013,"Tue, Feb 12",Ottawa,Buffalo,2,0,42,31,0,4,8,8
2013,"Fri, Feb 15",Buffalo,Boston,4,2,26,32,0,3,1,2
2013,"Sun, Feb 17",Buffalo,Pittsburgh,3,4,33,35,1,4,3,4
2013,"Tue, Feb 19",Buffalo,Winnipeg,1,2,30,28,0,3,1,1
2013,"Thu, Feb 21",Toronto,Buffalo,3,1,32,36,0,3,3,5
2013,"Sat, Feb 23",Buffalo,NY Islanders,0,4,35,32,0,6,3,4
2013,"Tue, Feb 26",Tampa Bay,Buffalo,1,2,21,31,0,1,6,6
2013,"Thu, Feb 28",Florida,Buffalo,3,4,25,43,1,1,3,4
2013,"Sat, Mar 2",Buffalo,New Jersey,4,3,23,31,0,6,5,5
2013,"Sun, Mar 3",NY Rangers,Buffalo,3,2,30,28,0,5,2,4
2013,"Tue, Mar 5",Carolina,Buffalo,4,3,40,28,1,3,2,3
2013,"Thu, Mar 7",New Jersey,Buffalo,3,2,25,33,1,3,2,3
2013,"Sun, Mar 10",Philadelphia,Buffalo,3,2,20,28,0,3,4,6
2013,"Tue, Mar 12",Buffalo,NY Rangers,3,1,22,33,0,5,1,1
2013,"Sat, Mar 16",Buffalo,Ottawa,3,4,36,34,0,3,2,3
2013,"Sun, Mar 17",Washington,Buffalo,5,3,30,25,1,3,3,4
2013,"Tue, Mar 19",Montreal,Buffalo,2,3,21,34,1,4,2,2
2013,"Thu, Mar 21",Buffalo,Toronto,5,4,36,34,1,5,2,4
2013,"Sat, Mar 23",Montreal,Buffalo,1,2,18,39,1,3,2,3
2013,"Tue, Mar 26",Tampa Bay,Buffalo,2,1,14,25,0,4,4,5
2013,"Thu, Mar 28",Florida,Buffalo,5,4,40,40,1,4,3,5
2013,"Sat, Mar 30",Buffalo,Washington,3,4,23,38,1,2,3,4
2013,"Sun, Mar 31",Buffalo,Boston,0,2,26,31,0,4,0,0
2013,"Tue, Apr 2",Pittsburgh,Buffalo,1,4,29,20,0,5,3,4
2013,"Fri, Apr 5",Buffalo,Ottawa,4,2,30,37,0,2,4,4
2013,"Sun, Apr 7",Buffalo,New Jersey,3,2,26,39,0,3,4,5
2013,"Tue, Apr 9",Winnipeg,Buffalo,4,1,30,30,0,3,1,1
2013,"Thu, Apr 11",Buffalo,Montreal,1,5,15,42,0,2,6,8
2013,"Sat, Apr 13",Buffalo,Philadelphia,1,0,21,29,0,1,3,3
2013,"Sun, Apr 14",Buffalo,Tampa Bay,3,1,22,33,1,3,1,1
2013,"Wed, Apr 17",Boston,Buffalo,2,3,32,43,2,6,2,2
2013,"Fri, Apr 19",Buffalo,NY Rangers,4,8,28,29,2,4,1,1
2013,"Mon, Apr 22",Buffalo,Winnipeg,1,2,25,39,1,1,3,3
2013,"Tue, Apr 23",Pittsburgh,Buffalo,2,4,33,42,0,0,2,3
2013,"Fri, Apr 26",Buffalo,NY Islanders,2,1,22,31,0,3,4,4
2013,"Sun, Jan 20",Calgary,San Jose,1,4,32,29,1,3,4,6
2013,"Mon, Jan 21",Calgary,Anaheim,4,5,25,24,2,3,2,2
2013,"Wed, Jan 23",Vancouver,Calgary,3,2,36,36,1,5,3,4
2013,"Sat, Jan 26",Calgary,Edmonton,4,3,35,20,1,6,2,4
2013,"Thu, Jan 31",Calgary,Colorado,3,6,28,22,0,3,1,2
2013,"Sat, Feb 2",Calgary,Chicago,2,3,47,19,1,5,1,1
2013,"Tue, Feb 5",Detroit,Calgary,1,4,23,26,2,5,3,4
2013,"Thu, Feb 7",Columbus,Calgary,3,4,30,29,1,4,3,4
2013,"Sat, Feb 9",Vancouver,Calgary,5,1,34,31,0,2,4,5
2013,"Mon, Feb 11",Calgary,Minnesota,1,2,24,24,0,2,4,4
2013,"Wed, Feb 13",Calgary,Dallas,7,4,23,34,2,2,2,4
2013,"Fri, Feb 15",Calgary,St. Louis,2,5,32,25,1,4,2,4
2013,"Sun, Feb 17",Dallas,Calgary,3,4,26,30,1,5,3,3
2013,"Mon, Feb 18",Arizona,Calgary,4,0,30,37,0,1,1,1
2013,"Wed, Feb 20",Calgary,Los Angeles,1,3,27,33,0,4,1,1
2013,"Sat, Feb 23",Calgary,Minnesota,3,1,27,31,0,2,2,2
2013,"Sun, Feb 24",Calgary,Arizona,5,4,31,27,0,3,4,5
2013,"Tue, Feb 26",Minnesota,Calgary,2,1,21,30,1,7,6,7
2013,"Thu, Feb 28",Colorado,Calgary,5,4,23,36,1,5,5,5
2013,"Sun, Mar 3",Calgary,Vancouver,4,2,25,31,1,4,2,2
2013,"Wed, Mar 6",Calgary,San Jose,4,1,26,33,0,3,4,4
2013,"Fri, Mar 8",Anaheim,Calgary,4,0,29,24,0,2,0,0
2013,"Sat, Mar 9",Los Angeles,Calgary,6,2,19,24,1,4,0,1
2013,"Mon, Mar 11",Los Angeles,Calgary,3,1,24,22,0,4,0,1
2013,"Wed, Mar 13",Calgary,Detroit,5,2,22,38,1,2,1,2
2013,"Fri, Mar 15",Calgary,Nashville,6,3,22,20,1,3,1,2
2013,"Mon, Mar 18",Dallas,Calgary,4,3,19,24,2,4,3,3
2013,"Thu, Mar 21",Nashville,Calgary,5,3,22,23,1,3,3,4
2013,"Fri, Mar 22",Columbus,Calgary,5,1,25,28,0,2,4,4
2013,"Sun, Mar 24",Calgary,St. Louis,3,2,17,38,1,3,4,4
2013,"Tue, Mar 26",Chicago,Calgary,2,0,16,35,0,4,5,5
2013,"Wed, Mar 27",Calgary,Colorado,4,3,27,30,1,3,4,5
2013,"Fri, Mar 29",Calgary,Columbus,4,6,33,25,1,4,1,1
2013,"Mon, Apr 1",Edmonton,Calgary,4,1,34,20,0,1,0,0
2013,"Wed, Apr 3",Calgary,Edmonton,2,8,21,39,0,1,2,5
2013,"Fri, Apr 5",San Jose,Calgary,2,1,24,41,1,2,3,3
2013,"Sat, Apr 6",Vancouver,Calgary,5,2,38,22,0,5,1,2
2013,"Mon, Apr 8",Colorado,Calgary,1,3,34,40,0,6,4,4
2013,"Wed, Apr 10",Calgary,Vancouver,1,4,41,29,0,4,3,4
2013,"Fri, Apr 12",Calgary,Arizona,3,2,25,31,1,1,2,2
2013,"Sat, Apr 13",Edmonton,Calgary,1,4,38,29,1,5,3,3
2013,"Mon, Apr 15",Calgary,Minnesota,3,4,23,27,0,2,2,2
2013,"Wed, Apr 17",Calgary,Detroit,3,2,17,38,0,1,5,5
2013,"Fri, Apr 19",Calgary,Anaheim,3,1,31,33,0,3,2,2
2013,"Sun, Apr 21",Minnesota,Calgary,1,4,24,35,3,3,3,3
2013,"Tue, Apr 23",Nashville,Calgary,4,3,18,32,0,1,2,3
2013,"Thu, Apr 25",St. Louis,Calgary,4,1,19,20,0,4,4,5
2013,"Fri, Apr 26",Chicago,Calgary,3,1,26,38,0,0,2,2
2013,"Sat, Jan 19",Florida,Carolina,5,1,42,25,0,6,3,6
2013,"Tue, Jan 22",Carolina,Tampa Bay,1,4,36,26,1,5,5,6
2013,"Thu, Jan 24",Carolina,Buffalo,6,3,38,33,0,4,6,6
2013,"Fri, Jan 25",Buffalo,Carolina,1,3,42,41,2,5,3,4
2013,"Mon, Jan 28",Carolina,Boston,3,5,32,38,0,6,2,4
2013,"Fri, Feb 1",Carolina,Ottawa,1,0,35,33,0,4,4,4
2013,"Sat, Feb 2",Philadelphia,Carolina,5,3,42,24,1,6,0,3
2013,"Mon, Feb 4",Toronto,Carolina,1,4,39,42,2,4,5,5
2013,"Thu, Feb 7",Ottawa,Carolina,2,3,26,47,1,2,3,3
2013,"Sat, Feb 9",Philadelphia,Carolina,4,3,33,32,0,3,3,3
2013,"Mon, Feb 11",NY Islanders,Carolina,4,6,31,28,0,3,1,5
2013,"Tue, Feb 12",New Jersey,Carolina,2,4,25,28,2,5,3,4
2013,"Thu, Feb 14",Carolina,Toronto,3,1,33,23,1,3,1,2
2013,"Mon, Feb 18",Montreal,Carolina,3,0,19,26,0,3,4,4
2013,"Thu, Feb 21",Carolina,Winnipeg,3,4,30,23,0,3,4,4
2013,"Sat, Feb 23",Carolina,Tampa Bay,2,5,34,39,0,3,3,3
2013,"Sun, Feb 24",NY Islanders,Carolina,2,4,28,25,1,3,3,3
2013,"Tue, Feb 26",Washington,Carolina,3,0,33,40,0,2,3,4
2013,"Thu, Feb 28",Carolina,Pittsburgh,4,1,29,27,0,5,5,5
2013,"Sat, Mar 2",Carolina,Florida,6,2,34,24,0,4,0,0
2013,"Sun, Mar 3",Florida,Carolina,2,3,24,36,0,2,1,1
2013,"Tue, Mar 5",Carolina,Buffalo,4,3,28,40,1,3,2,3
2013,"Thu, Mar 7",Carolina,Montreal,2,4,43,28,0,4,5,6
2013,"Sat, Mar 9",Carolina,New Jersey,6,3,22,34,1,3,2,2
2013,"Tue, Mar 12",Washington,Carolina,0,4,36,26,0,3,2,2
2013,"Thu, Mar 14",Carolina,Washington,2,3,38,25,0,4,2,3
2013,"Sat, Mar 16",Tampa Bay,Carolina,4,1,22,26,0,2,1,1
2013,"Mon, Mar 18",NY Rangers,Carolina,2,1,30,36,0,3,3,3
2013,"Tue, Mar 19",Carolina,Florida,1,4,34,44,1,4,1,3
2013,"Thu, Mar 21",Carolina,New Jersey,1,4,18,22,1,2,1,3
2013,"Tue, Mar 26",Carolina,Winnipeg,1,4,39,35,0,3,1,2
2013,"Thu, Mar 28",Toronto,Carolina,6,3,22,36,1,3,3,4
2013,"Sat, Mar 30",Winnipeg,Carolina,1,3,28,35,0,6,3,3
2013,"Mon, Apr 1",Montreal,Carolina,4,1,19,29,0,5,2,3
2013,"Tue, Apr 2",Carolina,Washington,3,5,34,19,2,4,2,3
2013,"Thu, Apr 4",Carolina,Tampa Bay,0,5,45,30,0,3,1,1
2013,"Sat, Apr 6",Carolina,NY Rangers,1,4,49,39,0,5,3,5
2013,"Mon, Apr 8",Boston,Carolina,6,2,42,36,0,1,2,2
2013,"Tue, Apr 9",Carolina,Pittsburgh,3,5,28,33,1,2,2,2
2013,"Thu, Apr 11",Washington,Carolina,3,1,44,31,1,3,3,4
2013,"Sat, Apr 13",Carolina,Boston,4,2,38,30,2,3,3,3
2013,"Tue, Apr 16",Ottawa,Carolina,3,2,34,34,1,4,4,4
2013,"Thu, Apr 18",Winnipeg,Carolina,4,3,27,31,0,1,5,6
2013,"Sat, Apr 20",Carolina,Philadelphia,3,5,29,38,0,3,4,4
2013,"Sun, Apr 21",Tampa Bay,Carolina,2,3,28,37,0,4,1,2
2013,"Tue, Apr 23",Carolina,NY Islanders,4,3,32,39,0,0,2,2
2013,"Thu, Apr 25",Carolina,NY Rangers,3,4,21,38,1,2,2,3
2013,"Sat, Apr 27",Pittsburgh,Carolina,8,3,30,35,0,4,1,3
2013,"Sat, Jan 19",Los Angeles,Chicago,2,5,22,21,1,5,5,5
2013,"Sun, Jan 20",Arizona,Chicago,4,6,31,29,1,5,3,3
2013,"Tue, Jan 22",Chicago,St. Louis,3,2,27,34,1,3,1,2
2013,"Thu, Jan 24",Dallas,Chicago,2,3,41,23,3,7,2,2
2013,"Sat, Jan 26",Columbus,Chicago,2,3,24,26,0,3,5,5
2013,"Sun, Jan 27",Chicago,Detroit,2,1,27,30,1,3,6,6
2013,"Wed, Jan 30",Minnesota,Chicago,3,2,32,25,0,2,4,4
2013,"Fri, Feb 1",Vancouver,Chicago,2,1,28,22,0,5,4,4
2013,"Sat, Feb 2",Calgary,Chicago,2,3,19,47,0,1,4,5
2013,"Tue, Feb 5",San Jose,Chicago,3,5,31,33,0,4,3,3
2013,"Thu, Feb 7",Arizona,Chicago,2,6,33,24,2,9,1,2
2013,"Sun, Feb 10",Nashville,Chicago,0,3,27,17,0,2,1,1
2013,"Tue, Feb 12",Chicago,Anaheim,2,3,30,31,1,6,4,5
2013,"Fri, Feb 15",Chicago,San Jose,4,1,37,28,1,5,4,4
2013,"Sun, Feb 17",Chicago,Los Angeles,3,2,37,27,1,5,2,4
2013,"Tue, Feb 19",Chicago,Vancouver,4,3,43,32,1,5,2,3
2013,"Fri, Feb 22",Chicago,San Jose,2,1,34,27,0,2,4,4
2013,"Sun, Feb 24",Chicago,Columbus,1,0,27,28,0,3,5,5
2013,"Mon, Feb 25",Chicago,Edmonton,3,2,34,19,1,2,3,4
2013,"Thu, Feb 28",St. Louis,Chicago,0,3,23,21,0,1,4,4
2013,"Fri, Mar 1",Chicago,Columbus,4,3,35,22,0,2,1,1
2013,"Sun, Mar 3",Detroit,Chicago,1,2,33,33,1,4,2,2
2013,"Tue, Mar 5",Chicago,Minnesota,5,3,32,23,0,3,1,2
2013,"Wed, Mar 6",Chicago,Colorado,3,2,32,22,1,3,2,2
2013,"Fri, Mar 8",Colorado,Chicago,6,2,33,31,0,2,2,4
2013,"Sun, Mar 10",Chicago,Edmonton,5,6,37,25,1,2,1,4
2013,"Thu, Mar 14",Columbus,Chicago,1,2,40,30,0,1,1,2
2013,"Sat, Mar 16",Dallas,Chicago,1,8,34,19,2,6,1,2
2013,"Mon, Mar 18",Colorado,Chicago,2,5,32,19,0,1,1,1
2013,"Wed, Mar 20",Anaheim,Chicago,4,2,24,26,1,2,1,1
2013,"Mon, Mar 25",Chicago,Los Angeles,4,5,25,36,0,4,2,2
2013,"Tue, Mar 26",Chicago,Calgary,2,0,35,16,0,5,4,4
2013,"Fri, Mar 29",Chicago,Anaheim,1,2,26,24,1,4,1,1
2013,"Sun, Mar 31",Detroit,Chicago,1,7,26,34,0,0,2,2
2013,"Mon, Apr 1",Chicago,Nashville,3,2,40,27,0,3,1,1
2013,"Thu, Apr 4",Chicago,St. Louis,3,4,36,22,0,2,1,1
2013,"Sat, Apr 6",Nashville,Chicago,0,1,30,20,0,1,3,3
2013,"Sun, Apr 7",Chicago,Nashville,5,3,40,22,0,1,1,1
2013,"Tue, Apr 9",Minnesota,Chicago,0,1,31,20,0,2,1,1
2013,"Fri, Apr 12",Chicago,Detroit,3,2,28,29,0,3,4,5
2013,"Sun, Apr 14",St. Louis,Chicago,0,2,26,30,0,3,3,3
2013,"Mon, Apr 15",Chicago,Dallas,5,2,28,18,0,4,2,2
2013,"Fri, Apr 19",Chicago,Nashville,5,4,30,27,2,3,3,3
2013,"Sat, Apr 20",Chicago,Arizona,2,3,38,31,2,4,5,5
2013,"Mon, Apr 22",Vancouver,Chicago,3,1,25,32,0,2,4,5
2013,"Wed, Apr 24",Edmonton,Chicago,1,4,30,22,0,2,4,4
2013,"Fri, Apr 26",Chicago,Calgary,3,1,38,26,0,2,0,0
2013,"Sat, Apr 27",St. Louis,Chicago,3,1,23,28,0,2,2,2
2013,"Sat, Jan 19",Minnesota,Colorado,4,2,27,35,0,3,5,7
2013,"Tue, Jan 22",Colorado,Los Angeles,3,1,31,29,1,4,6,6
2013,"Thu, Jan 24",Colorado,Columbus,4,0,28,33,0,3,6,6
2013,"Sat, Jan 26",San Jose,Colorado,4,0,24,43,0,2,3,6
2013,"Mon, Jan 28",Edmonton,Colorado,4,1,38,27,0,3,2,6
2013,"Wed, Jan 30",Vancouver,Colorado,3,0,24,23,0,4,4,5
2013,"Thu, Jan 31",Calgary,Colorado,3,6,22,28,1,2,3,3
2013,"Sat, Feb 2",Colorado,Edmonton,3,1,40,26,0,6,3,3
2013,"Mon, Feb 4",Colorado,Dallas,2,3,31,26,1,5,5,5
2013,"Wed, Feb 6",Colorado,Anaheim,0,3,31,20,0,1,2,3
2013,"Mon, Feb 11",Colorado,Arizona,2,3,43,30,0,4,5,5
2013,"Thu, Feb 14",Minnesota,Colorado,3,4,32,29,1,2,1,1
2013,"Sat, Feb 16",Edmonton,Colorado,6,4,29,56,1,4,2,4
2013,"Mon, Feb 18",Colorado,Nashville,6,5,28,38,1,2,4,5
2013,"Wed, Feb 20",Colorado,St. Louis,1,0,20,33,0,1,2,2
2013,"Sat, Feb 23",Los Angeles,Colorado,4,1,24,26,1,4,1,1
2013,"Sun, Feb 24",Anaheim,Colorado,4,3,23,39,1,5,2,5
2013,"Tue, Feb 26",San Jose,Colorado,3,2,27,41,0,2,5,5
2013,"Thu, Feb 28",Colorado,Calgary,5,4,36,23,0,5,4,5
2013,"Sun, Mar 3",Columbus,Colorado,2,1,19,34,0,2,3,5
2013,"Tue, Mar 5",Detroit,Colorado,2,1,37,33,0,1,2,2
2013,"Wed, Mar 6",Chicago,Colorado,3,2,22,32,0,2,2,3
2013,"Fri, Mar 8",Colorado,Chicago,6,2,31,33,2,4,2,2
2013,"Sun, Mar 10",Colorado,San Jose,3,2,42,38,1,4,5,5
2013,"Tue, Mar 12",Colorado,Edmonton,0,4,35,32,0,2,3,4
2013,"Thu, Mar 14",Minnesota,Colorado,5,3,32,40,1,2,4,4
2013,"Sat, Mar 16",Colorado,Minnesota,4,6,32,28,0,2,1,2
2013,"Mon, Mar 18",Colorado,Chicago,2,5,19,32,0,1,1,1
2013,"Wed, Mar 20",Colorado,Dallas,4,3,34,32,0,2,6,6
2013,"Sat, Mar 23",Dallas,Colorado,5,2,35,31,1,3,3,4
2013,"Sun, Mar 24",Colorado,Vancouver,2,3,28,30,1,5,2,3
2013,"Wed, Mar 27",Calgary,Colorado,4,3,30,27,1,5,2,3
2013,"Thu, Mar 28",Vancouver,Colorado,4,1,33,20,0,2,0,0
2013,"Sat, Mar 30",Colorado,Nashville,1,0,24,34,0,1,6,6
2013,"Mon, Apr 1",Detroit,Colorado,3,2,24,20,1,3,1,2
2013,"Tue, Apr 2",Nashville,Colorado,3,1,26,38,0,2,2,3
2013,"Fri, Apr 5",Colorado,Detroit,2,3,35,31,0,3,3,4
2013,"Sat, Apr 6",Arizona,Colorado,4,0,24,28,0,4,3,4
2013,"Mon, Apr 8",Colorado,Calgary,1,3,40,34,0,4,6,6
2013,"Wed, Apr 10",Anaheim,Colorado,1,4,28,22,1,2,3,3
2013,"Thu, Apr 11",Los Angeles,Colorado,3,2,28,37,0,2,3,4
2013,"Sat, Apr 13",Colorado,Vancouver,4,3,26,27,0,3,2,2
2013,"Mon, Apr 15",Colorado,Columbus,3,4,32,30,1,3,1,1
2013,"Fri, Apr 19",Colorado,Edmonton,1,4,34,24,0,4,4,4
2013,"Sun, Apr 21",Colorado,St. Louis,5,3,31,32,1,2,3,3
2013,"Tue, Apr 23",St. Louis,Colorado,3,1,18,34,0,3,3,5
2013,"Fri, Apr 26",Arizona,Colorado,4,5,28,37,2,4,4,6
2013,"Sat, Apr 27",Colorado,Minnesota,1,3,30,33,0,1,2,3
2013,"Sat, Jan 19",Nashville,Columbus,2,3,28,34,1,2,0,1
2013,"Mon, Jan 21",Columbus,Detroit,3,4,33,42,2,7,7,7
2013,"Wed, Jan 23",Arizona,Columbus,5,1,26,42,0,3,4,5
2013,"Thu, Jan 24",Colorado,Columbus,4,0,33,28,0,6,3,3
2013,"Sat, Jan 26",Columbus,Chicago,2,3,26,24,0,5,3,3
2013,"Mon, Jan 28",Columbus,Dallas,2,1,27,25,0,7,3,4
2013,"Tue, Jan 29",Minnesota,Columbus,3,2,19,26,1,4,2,2
2013,"Thu, Jan 31",Columbus,St. Louis,1,4,25,25,1,4,3,5
2013,"Sat, Feb 2",Columbus,Detroit,4,2,28,34,1,3,5,5
2013,"Tue, Feb 5",Columbus,Los Angeles,2,4,20,31,0,3,2,3
2013,"Thu, Feb 7",Columbus,Calgary,3,4,29,30,1,4,3,4
2013,"Sun, Feb 10",Columbus,Edmonton,1,3,40,14,0,7,4,4
2013,"Mon, Feb 11",Columbus,San Jose,6,2,36,27,2,4,2,3
2013,"Fri, Feb 15",Los Angeles,Columbus,2,1,13,22,0,4,4,5
2013,"Sat, Feb 16",Arizona,Columbus,5,3,20,35,0,3,6,7
2013,"Mon, Feb 18",Anaheim,Columbus,3,2,27,29,0,3,1,3
2013,"Thu, Feb 21",Detroit,Columbus,2,3,24,30,1,3,4,4
2013,"Sat, Feb 23",St. Louis,Columbus,2,1,20,23,0,4,2,2
2013,"Sun, Feb 24",Chicago,Columbus,1,0,28,27,0,5,3,3
2013,"Tue, Feb 26",Columbus,Dallas,4,5,20,39,0,1,1,1
2013,"Fri, Mar 1",Chicago,Columbus,4,3,22,35,0,1,2,2
2013,"Sun, Mar 3",Columbus,Colorado,2,1,34,19,2,5,2,2
2013,"Tue, Mar 5",Columbus,Edmonton,4,3,38,29,1,4,3,3
2013,"Thu, Mar 7",Columbus,Vancouver,2,1,27,35,0,3,1,1
2013,"Sat, Mar 9",Columbus,Detroit,3,0,24,30,1,6,3,3
2013,"Sun, Mar 10",Detroit,Columbus,2,3,21,23,0,5,5,6
2013,"Tue, Mar 12",Columbus,Vancouver,1,2,27,38,0,2,2,2
2013,"Thu, Mar 14",Columbus,Chicago,1,2,30,40,1,2,1,1
2013,"Sat, Mar 16",Columbus,Arizona,1,0,23,39,0,2,2,2
2013,"Tue, Mar 19",Columbus,Nashville,4,3,31,35,1,3,1,1
2013,"Fri, Mar 22",Columbus,Calgary,5,1,28,25,0,4,2,2
2013,"Sat, Mar 23",Nashville,Columbus,5,2,23,24,1,3,0,2
2013,"Tue, Mar 26",Vancouver,Columbus,1,0,17,34,0,2,3,3
2013,"Thu, Mar 28",Edmonton,Columbus,6,4,30,25,0,2,2,2
2013,"Fri, Mar 29",Calgary,Columbus,4,6,25,33,0,1,3,4
2013,"Sun, Mar 31",Columbus,Anaheim,2,1,18,30,0,1,2,2
2013,"Thu, Apr 4",Nashville,Columbus,1,3,38,39,1,2,2,2
2013,"Fri, Apr 5",St. Louis,Columbus,3,1,27,19,0,2,3,4
2013,"Sun, Apr 7",Columbus,Minnesota,0,3,24,24,0,4,1,3
2013,"Tue, Apr 9",Columbus,San Jose,4,0,30,30,0,2,1,1
2013,"Fri, Apr 12",Columbus,St. Louis,4,1,19,32,0,1,5,5
2013,"Sat, Apr 13",Minnesota,Columbus,2,3,22,41,0,2,3,4
2013,"Mon, Apr 15",Colorado,Columbus,3,4,30,32,0,1,2,3
2013,"Wed, Apr 17",Anaheim,Columbus,2,3,28,28,0,3,2,3
2013,"Thu, Apr 18",Los Angeles,Columbus,2,1,21,23,0,2,1,2
2013,"Sun, Apr 21",San Jose,Columbus,3,4,22,35,1,2,1,2
2013,"Thu, Apr 25",Dallas,Columbus,1,3,35,32,2,4,2,3
2013,"Sat, Apr 27",Columbus,Nashville,3,1,47,20,1,2,0,0
2013,"Sat, Jan 19",Dallas,Arizona,4,3,26,40,2,4,3,5
2013,"Sun, Jan 20",Minnesota,Dallas,1,0,24,32,0,4,3,3
2013,"Tue, Jan 22",Detroit,Dallas,1,2,32,40,0,2,4,4
2013,"Thu, Jan 24",Dallas,Chicago,2,3,23,41,0,2,4,7
2013,"Sat, Jan 26",Dallas,St. Louis,3,4,23,32,1,4,3,3
2013,"Mon, Jan 28",Columbus,Dallas,2,1,25,27,1,4,7,7
2013,"Tue, Jan 29",Detroit,Dallas,4,1,26,27,0,5,5,6
2013,"Fri, Feb 1",Dallas,Arizona,4,3,24,34,0,2,3,3
2013,"Sat, Feb 2",Arizona,Dallas,2,0,17,34,0,1,6,7
2013,"Mon, Feb 4",Colorado,Dallas,2,3,26,31,0,5,4,5
2013,"Wed, Feb 6",Edmonton,Dallas,2,3,28,29,1,3,3,4
2013,"Fri, Feb 8",Dallas,Anaheim,3,1,28,21,2,5,3,3
2013,"Tue, Feb 12",Edmonton,Dallas,1,4,29,36,0,3,5,5
2013,"Wed, Feb 13",Calgary,Dallas,7,4,34,23,2,4,0,2
2013,"Fri, Feb 15",Vancouver,Dallas,3,4,29,28,0,4,3,3
2013,"Sun, Feb 17",Dallas,Calgary,3,4,30,26,0,3,4,5
2013,"Thu, Feb 21",Dallas,Vancouver,3,4,25,22,0,5,4,5
2013,"Sat, Feb 23",Dallas,San Jose,3,1,28,32,2,6,6,7
2013,"Mon, Feb 25",Nashville,Dallas,5,4,24,31,2,4,3,4
2013,"Tue, Feb 26",Columbus,Dallas,4,5,39,20,0,1,1,1
2013,"Thu, Feb 28",Dallas,Edmonton,1,5,34,38,0,5,8,9
2013,"Sun, Mar 3",Dallas,St. Louis,4,1,27,26,1,3,1,1
2013,"Thu, Mar 7",Los Angeles,Dallas,2,5,22,33,2,3,1,1
2013,"Sat, Mar 9",Arizona,Dallas,2,1,21,21,1,5,2,2
2013,"Tue, Mar 12",Dallas,Nashville,0,4,32,21,0,4,2,4
2013,"Thu, Mar 14",Dallas,Anaheim,1,2,34,30,0,5,3,3
2013,"Sat, Mar 16",Dallas,Chicago,1,8,19,34,1,2,4,6
2013,"Mon, Mar 18",Dallas,Calgary,4,3,24,19,0,3,2,4
2013,"Wed, Mar 20",Colorado,Dallas,4,3,32,34,0,6,2,2
2013,"Thu, Mar 21",Los Angeles,Dallas,0,2,21,40,0,2,3,3
2013,"Sat, Mar 23",Dallas,Colorado,5,2,31,35,1,4,2,3
2013,"Mon, Mar 25",Dallas,Minnesota,4,7,26,42,1,3,2,2
2013,"Fri, Mar 29",Dallas,Minnesota,5,3,33,33,3,6,3,4
2013,"Sun, Mar 31",Dallas,Los Angeles,2,3,15,40,1,2,1,1
2013,"Mon, Apr 1",Dallas,Anaheim,0,4,26,30,0,4,1,2
2013,"Wed, Apr 3",Anaheim,Dallas,5,2,25,27,0,0,0,1
2013,"Fri, Apr 5",Anaheim,Dallas,1,3,25,28,0,6,4,4
2013,"Sun, Apr 7",San Jose,Dallas,4,5,34,36,0,3,3,3
2013,"Tue, Apr 9",Dallas,Los Angeles,5,1,31,30,0,4,4,5
2013,"Fri, Apr 12",Nashville,Dallas,2,5,18,28,1,3,2,3
2013,"Sat, Apr 13",Dallas,San Jose,2,1,19,32,1,5,1,2
2013,"Mon, Apr 15",Chicago,Dallas,5,2,18,28,0,2,4,4
2013,"Thu, Apr 18",Dallas,Vancouver,5,1,30,38,1,5,2,2
2013,"Fri, Apr 19",St. Louis,Dallas,2,1,22,20,0,2,2,3
2013,"Sun, Apr 21",Los Angeles,Dallas,4,3,27,31,0,4,5,6
2013,"Tue, Apr 23",San Jose,Dallas,3,2,26,37,1,3,1,2
2013,"Thu, Apr 25",Dallas,Columbus,1,3,32,35,1,3,2,4
2013,"Sat, Apr 27",Dallas,Detroit,0,3,17,37,0,3,4,4
2013,"Sat, Jan 19",St. Louis,Detroit,6,0,14,36,0,4,1,5
2013,"Mon, Jan 21",Columbus,Detroit,3,4,42,33,0,7,5,7
2013,"Tue, Jan 22",Detroit,Dallas,1,2,40,32,0,4,2,2
2013,"Fri, Jan 25",Detroit,Minnesota,5,3,27,26,2,5,7,8
2013,"Sun, Jan 27",Chicago,Detroit,2,1,30,27,0,6,2,3
2013,"Tue, Jan 29",Detroit,Dallas,4,1,27,26,1,6,5,5
2013,"Fri, Feb 1",Detroit,St. Louis,5,3,31,26,2,8,3,5
2013,"Sat, Feb 2",Columbus,Detroit,4,2,34,28,0,5,2,3
2013,"Tue, Feb 5",Detroit,Calgary,1,4,26,23,1,4,3,5
2013,"Thu, Feb 7",St. Louis,Detroit,1,5,29,27,0,1,2,3
2013,"Sat, Feb 9",Detroit,Edmonton,2,1,30,24,2,7,7,8
2013,"Sun, Feb 10",Detroit,Los Angeles,3,2,31,47,1,4,3,3
2013,"Wed, Feb 13",Detroit,St. Louis,3,4,18,25,0,4,2,3
2013,"Fri, Feb 15",Detroit,Anaheim,2,5,28,37,1,4,3,3
2013,"Sun, Feb 17",Minnesota,Detroit,3,2,31,24,0,3,2,2
2013,"Tue, Feb 19",Nashville,Detroit,4,3,29,25,0,2,5,6
2013,"Thu, Feb 21",Detroit,Columbus,2,3,30,24,0,4,2,3
2013,"Sat, Feb 23",Detroit,Nashville,4,0,27,33,1,2,2,2
2013,"Sun, Feb 24",Detroit,Vancouver,8,3,28,21,3,5,2,2
2013,"Wed, Feb 27",Los Angeles,Detroit,2,1,33,29,0,3,4,5
2013,"Thu, Feb 28",San Jose,Detroit,1,2,34,26,0,2,1,1
2013,"Sun, Mar 3",Detroit,Chicago,1,2,33,33,0,2,3,4
2013,"Tue, Mar 5",Detroit,Colorado,2,1,33,37,0,2,1,1
2013,"Thu, Mar 7",Detroit,Edmonton,3,0,28,22,0,1,0,0
2013,"Sat, Mar 9",Columbus,Detroit,3,0,30,24,0,3,5,6
2013,"Sun, Mar 10",Detroit,Columbus,2,3,23,21,1,6,5,5
2013,"Wed, Mar 13",Calgary,Detroit,5,2,38,22,1,2,1,2
2013,"Fri, Mar 15",Edmonton,Detroit,2,3,28,32,1,5,3,3
2013,"Sat, Mar 16",Vancouver,Detroit,2,5,26,35,1,3,6,6
2013,"Wed, Mar 20",Detroit,Minnesota,2,4,38,19,1,5,1,3
2013,"Fri, Mar 22",Anaheim,Detroit,1,5,23,34,1,2,3,3
2013,"Sun, Mar 24",Anaheim,Detroit,1,2,21,34,1,5,2,3
2013,"Mon, Mar 25",Arizona,Detroit,2,3,35,30,2,5,2,3
2013,"Thu, Mar 28",San Jose,Detroit,2,0,27,24,0,1,0,0
2013,"Sun, Mar 31",Detroit,Chicago,1,7,34,26,0,2,0,0
2013,"Mon, Apr 1",Detroit,Colorado,3,2,20,24,1,2,2,3
2013,"Thu, Apr 4",Arizona,Detroit,4,2,36,38,2,6,4,4
2013,"Fri, Apr 5",Colorado,Detroit,2,3,31,35,1,4,3,3
2013,"Sun, Apr 7",Detroit,St. Louis,0,1,28,25,0,3,2,2
2013,"Thu, Apr 11",Detroit,San Jose,2,3,29,30,1,4,3,4
2013,"Fri, Apr 12",Chicago,Detroit,3,2,29,28,1,5,3,3
2013,"Sun, Apr 14",Nashville,Detroit,0,3,32,22,0,2,2,2
2013,"Wed, Apr 17",Calgary,Detroit,3,2,38,17,0,5,1,1
2013,"Sat, Apr 20",Vancouver,Detroit,2,1,34,14,0,3,3,4
2013,"Mon, Apr 22",Detroit,Arizona,4,0,23,34,3,5,4,4
2013,"Wed, Apr 24",Detroit,Los Angeles,3,1,36,24,1,4,3,3
2013,"Thu, Apr 25",Detroit,Nashville,5,2,38,22,1,4,4,5
2013,"Sat, Apr 27",Dallas,Detroit,0,3,37,17,0,4,3,3
2013,"Sun, Jan 20",Vancouver,Edmonton,2,3,32,29,1,4,5,5
2013,"Tue, Jan 22",Edmonton,San Jose,3,6,29,31,2,5,2,5
2013,"Thu, Jan 24",Edmonton,Los Angeles,2,1,39,31,1,9,8,8
2013,"Sat, Jan 26",Calgary,Edmonton,4,3,20,35,2,4,5,6
2013,"Mon, Jan 28",Edmonton,Colorado,4,1,27,38,4,6,3,3
2013,"Wed, Jan 30",Arizona,Edmonton,1,2,21,28,1,4,1,2
2013,"Thu, Jan 31",San Jose,Edmonton,3,2,28,38,0,3,5,5
2013,"Sat, Feb 2",Colorado,Edmonton,3,1,26,40,0,3,6,6
2013,"Mon, Feb 4",Edmonton,Vancouver,2,3,25,40,1,4,4,4
2013,"Wed, Feb 6",Edmonton,Dallas,2,3,29,28,1,4,2,3
2013,"Sat, Feb 9",Detroit,Edmonton,2,1,24,30,1,8,5,7
2013,"Sun, Feb 10",Columbus,Edmonton,1,3,14,40,0,4,7,7
2013,"Tue, Feb 12",Edmonton,Dallas,1,4,36,29,0,5,3,3
2013,"Sat, Feb 16",Edmonton,Colorado,6,4,56,29,2,4,3,4
2013,"Tue, Feb 19",Edmonton,Los Angeles,1,3,24,38,1,4,2,2
2013,"Thu, Feb 21",Edmonton,Minnesota,1,3,28,28,0,1,3,3
2013,"Sat, Feb 23",Edmonton,Arizona,3,2,43,36,1,4,6,7
2013,"Mon, Feb 25",Chicago,Edmonton,3,2,19,34,1,4,1,2
2013,"Thu, Feb 28",Dallas,Edmonton,1,5,38,34,1,9,5,5
2013,"Fri, Mar 1",St. Louis,Edmonton,4,2,17,30,0,3,1,2
2013,"Sun, Mar 3",Minnesota,Edmonton,4,2,21,43,0,1,2,3
2013,"Tue, Mar 5",Columbus,Edmonton,4,3,29,38,0,3,3,4
2013,"Thu, Mar 7",Detroit,Edmonton,3,0,22,28,0,0,1,1
2013,"Fri, Mar 8",Nashville,Edmonton,6,0,24,34,0,0,2,4
2013,"Sun, Mar 10",Chicago,Edmonton,5,6,25,37,3,4,1,2
2013,"Tue, Mar 12",Colorado,Edmonton,0,4,32,35,1,4,2,2
2013,"Fri, Mar 15",Edmonton,Detroit,2,3,32,28,0,3,4,5
2013,"Sun, Mar 17",Edmonton,Nashville,3,2,21,31,1,2,3,4
2013,"Wed, Mar 20",Edmonton,San Jose,3,4,27,34,1,5,1,2
2013,"Sat, Mar 23",Edmonton,St. Louis,0,3,19,25,0,2,2,2
2013,"Mon, Mar 25",Nashville,Edmonton,3,2,26,26,1,4,2,2
2013,"Tue, Mar 26",St. Louis,Edmonton,0,3,19,43,0,0,2,2
2013,"Thu, Mar 28",Edmonton,Columbus,6,4,25,30,0,2,2,2
2013,"Sat, Mar 30",Edmonton,Vancouver,4,0,24,23,1,3,3,3
2013,"Mon, Apr 1",Edmonton,Calgary,4,1,20,34,0,0,1,1
2013,"Wed, Apr 3",Calgary,Edmonton,2,8,39,21,3,5,1,1
2013,"Thu, Apr 4",Vancouver,Edmonton,4,0,23,28,0,4,4,5
2013,"Sat, Apr 6",Los Angeles,Edmonton,4,1,24,39,1,4,3,5
2013,"Mon, Apr 8",Anaheim,Edmonton,2,1,28,38,0,3,5,5
2013,"Wed, Apr 10",Edmonton,Arizona,1,3,30,32,0,3,4,5
2013,"Sat, Apr 13",Edmonton,Calgary,1,4,29,38,0,3,4,5
2013,"Tue, Apr 16",Edmonton,Minnesota,3,5,19,30,1,1,1,2
2013,"Fri, Apr 19",Colorado,Edmonton,1,4,24,34,0,4,4,4
2013,"Sun, Apr 21",Edmonton,Anaheim,1,3,28,30,0,4,4,5
2013,"Mon, Apr 22",Edmonton,Anaheim,0,3,24,28,0,3,2,3
2013,"Wed, Apr 24",Edmonton,Chicago,1,4,22,30,0,4,2,2
2013,"Fri, Apr 26",Minnesota,Edmonton,1,6,17,39,0,2,2,2
2013,"Sat, Apr 27",Edmonton,Vancouver,7,2,37,30,1,4,2,3
2013,"Sat, Jan 19",Florida,Carolina,5,1,25,42,3,6,6,6
2013,"Mon, Jan 21",Ottawa,Florida,4,0,31,37,0,3,3,4
2013,"Tue, Jan 22",Montreal,Florida,4,1,28,33,1,8,4,6
2013,"Thu, Jan 24",Florida,Ottawa,1,3,26,37,1,5,2,3
2013,"Sat, Jan 26",Florida,Philadelphia,1,7,31,26,0,4,5,7
2013,"Tue, Jan 29",Tampa Bay,Florida,5,2,28,33,0,4,3,5
2013,"Thu, Jan 31",Florida,Winnipeg,6,3,34,25,3,6,3,3
2013,"Sun, Feb 3",Buffalo,Florida,3,4,33,20,1,2,1,1
2013,"Tue, Feb 5",Winnipeg,Florida,3,2,19,21,0,2,3,4
2013,"Thu, Feb 7",Philadelphia,Florida,2,3,24,32,1,4,3,4
2013,"Sat, Feb 9",Washington,Florida,5,0,27,25,0,2,1,2
2013,"Tue, Feb 12",Florida,Washington,5,6,32,29,0,5,1,3
2013,"Thu, Feb 14",Florida,Montreal,0,1,26,32,0,2,3,3
2013,"Sat, Feb 16",Florida,Tampa Bay,5,6,30,36,0,3,3,4
2013,"Mon, Feb 18",Florida,Toronto,0,3,37,33,0,3,1,2
2013,"Thu, Feb 21",Philadelphia,Florida,2,5,26,34,1,3,2,2
2013,"Fri, Feb 22",Pittsburgh,Florida,3,1,23,40,0,2,3,4
2013,"Sun, Feb 24",Florida,Boston,1,4,35,32,0,4,0,1
2013,"Tue, Feb 26",Florida,Pittsburgh,6,4,36,34,4,7,4,5
2013,"Thu, Feb 28",Florida,Buffalo,3,4,43,25,1,4,0,1
2013,"Sat, Mar 2",Carolina,Florida,6,2,24,34,0,0,4,4
2013,"Sun, Mar 3",Florida,Carolina,2,3,36,24,0,1,2,2
2013,"Tue, Mar 5",Florida,Winnipeg,4,1,26,31,0,2,0,0
2013,"Thu, Mar 7",Washington,Florida,7,1,30,26,0,2,1,3
2013,"Fri, Mar 8",Florida,Winnipeg,2,3,40,28,0,4,1,1
2013,"Sun, Mar 10",Florida,Montreal,2,5,16,38,0,1,4,6
2013,"Tue, Mar 12",Florida,Tampa Bay,2,3,39,13,0,4,1,2
2013,"Thu, Mar 14",Boston,Florida,4,1,30,32,0,2,2,2
2013,"Sat, Mar 16",Florida,NY Islanders,3,4,30,25,0,1,0,0
2013,"Tue, Mar 19",Carolina,Florida,1,4,44,34,2,3,3,4
2013,"Thu, Mar 21",NY Rangers,Florida,1,3,24,45,1,2,3,3
2013,"Sat, Mar 23",New Jersey,Florida,2,1,18,25,0,2,2,2
2013,"Sun, Mar 24",NY Islanders,Florida,3,0,26,37,0,2,1,2
2013,"Tue, Mar 26",Toronto,Florida,3,2,42,31,0,1,2,3
2013,"Thu, Mar 28",Florida,Buffalo,5,4,40,40,2,5,3,4
2013,"Sat, Mar 30",Florida,New Jersey,3,2,30,26,1,3,3,4
2013,"Tue, Apr 2",Tampa Bay,Florida,2,3,25,41,2,3,3,3
2013,"Sat, Apr 6",Florida,Washington,3,4,30,31,1,2,2,5
2013,"Sun, Apr 7",Florida,Ottawa,2,1,17,41,1,1,5,5
2013,"Thu, Apr 11",Winnipeg,Florida,7,2,27,35,0,2,4,5
2013,"Sat, Apr 13",Florida,Pittsburgh,1,3,26,22,0,4,2,3
2013,"Tue, Apr 16",NY Islanders,Florida,5,2,28,31,1,5,1,3
2013,"Thu, Apr 18",NY Rangers,Florida,6,1,35,30,0,1,2,4
2013,"Sat, Apr 20",New Jersey,Florida,6,2,13,33,1,2,2,3
2013,"Sun, Apr 21",Boston,Florida,3,0,28,39,0,2,2,2
2013,"Tue, Apr 23",Florida,NY Rangers,3,2,16,38,1,2,3,3
2013,"Thu, Apr 25",Florida,Toronto,0,4,34,17,0,3,1,1
2013,"Sat, Apr 27",Tampa Bay,Florida,3,5,32,31,0,1,2,2
2013,"Sat, Jan 19",Los Angeles,Chicago,2,5,21,22,0,5,4,5
2013,"Tue, Jan 22",Colorado,Los Angeles,3,1,29,31,0,6,3,4
2013,"Thu, Jan 24",Edmonton,Los Angeles,2,1,31,39,0,8,8,9
2013,"Sat, Jan 26",Arizona,Los Angeles,2,4,31,33,0,4,5,6
2013,"Mon, Jan 28",Los Angeles,Vancouver,3,2,28,23,1,4,3,3
2013,"Thu, Jan 31",Los Angeles,Nashville,1,2,24,14,1,6,3,3
2013,"Sat, Feb 2",Anaheim,Los Angeles,7,4,34,25,2,4,1,4
2013,"Tue, Feb 5",Columbus,Los Angeles,2,4,31,20,1,3,3,3
2013,"Thu, Feb 7",Nashville,Los Angeles,3,0,32,14,0,3,2,3
2013,"Sun, Feb 10",Detroit,Los Angeles,3,2,47,31,0,3,3,4
2013,"Mon, Feb 11",St. Louis,Los Angeles,1,4,23,22,1,5,4,5
2013,"Fri, Feb 15",Los Angeles,Columbus,2,1,22,13,1,5,4,4
2013,"Sun, Feb 17",Chicago,Los Angeles,3,2,27,37,2,4,4,5
2013,"Tue, Feb 19",Edmonton,Los Angeles,1,3,38,24,0,2,3,4
2013,"Wed, Feb 20",Calgary,Los Angeles,1,3,33,27,0,1,4,4
2013,"Sat, Feb 23",Los Angeles,Colorado,4,1,26,24,0,1,3,4
2013,"Mon, Feb 25",Los Angeles,Anaheim,5,2,25,26,1,2,2,3
2013,"Wed, Feb 27",Los Angeles,Detroit,2,1,29,33,1,5,3,3
2013,"Sat, Mar 2",Vancouver,Los Angeles,5,2,30,24,1,4,2,2
2013,"Mon, Mar 4",Los Angeles,Nashville,5,1,16,19,2,4,3,3
2013,"Tue, Mar 5",Los Angeles,St. Louis,6,4,29,14,0,6,3,3
2013,"Thu, Mar 7",Los Angeles,Dallas,2,5,33,22,0,1,1,3
2013,"Sat, Mar 9",Los Angeles,Calgary,6,2,24,19,1,1,3,4
2013,"Mon, Mar 11",Los Angeles,Calgary,3,1,22,24,1,1,4,4
2013,"Tue, Mar 12",Arizona,Los Angeles,5,2,33,29,2,5,2,3
2013,"Thu, Mar 14",San Jose,Los Angeles,4,3,37,26,1,3,1,3
2013,"Sat, Mar 16",Los Angeles,San Jose,5,2,24,22,0,1,1,2
2013,"Mon, Mar 18",Los Angeles,Arizona,4,0,29,27,2,6,4,4
2013,"Tue, Mar 19",Los Angeles,Arizona,3,2,29,42,1,5,3,3
2013,"Thu, Mar 21",Los Angeles,Dallas,0,2,40,21,0,3,2,2
2013,"Sat, Mar 23",Los Angeles,Vancouver,0,1,20,13,0,3,3,3
2013,"Mon, Mar 25",Chicago,Los Angeles,4,5,36,25,0,2,4,4
2013,"Thu, Mar 28",St. Louis,Los Angeles,2,4,40,22,0,4,2,3
2013,"Sat, Mar 30",Minnesota,Los Angeles,4,3,31,28,2,2,3,4
2013,"Sun, Mar 31",Dallas,Los Angeles,2,3,40,15,0,1,1,2
2013,"Tue, Apr 2",Arizona,Los Angeles,3,1,40,31,0,3,3,3
2013,"Thu, Apr 4",Los Angeles,Minnesota,3,0,14,23,0,2,1,1
2013,"Sat, Apr 6",Los Angeles,Edmonton,4,1,39,24,2,5,3,4
2013,"Sun, Apr 7",Anaheim,Los Angeles,4,3,38,22,1,2,3,4
2013,"Tue, Apr 9",Dallas,Los Angeles,5,1,30,31,1,5,4,4
2013,"Thu, Apr 11",Los Angeles,Colorado,3,2,37,28,1,4,2,2
2013,"Sat, Apr 13",Los Angeles,Anaheim,2,1,18,20,1,6,1,1
2013,"Tue, Apr 16",San Jose,Los Angeles,3,2,43,35,1,3,3,3
2013,"Thu, Apr 18",Los Angeles,Columbus,2,1,23,21,1,2,2,2
2013,"Sun, Apr 21",Los Angeles,Dallas,4,3,31,27,1,6,4,4
2013,"Tue, Apr 23",Minnesota,Los Angeles,2,1,23,25,0,1,1,1
2013,"Wed, Apr 24",Detroit,Los Angeles,3,1,24,36,0,3,3,4
2013,"Sat, Apr 27",Los Angeles,San Jose,3,2,27,25,0,1,0,0
2013,"Sat, Jan 19",Minnesota,Colorado,4,2,35,27,2,7,3,3
2013,"Sun, Jan 20",Minnesota,Dallas,1,0,32,24,0,3,4,4
2013,"Tue, Jan 22",Minnesota,Nashville,1,3,30,26,0,3,2,3
2013,"Fri, Jan 25",Detroit,Minnesota,5,3,26,27,1,8,3,5
2013,"Sun, Jan 27",St. Louis,Minnesota,5,4,16,34,2,3,5,5
2013,"Tue, Jan 29",Minnesota,Columbus,3,2,26,19,0,2,3,4
2013,"Wed, Jan 30",Minnesota,Chicago,3,2,25,32,0,4,2,2
2013,"Fri, Feb 1",Anaheim,Minnesota,3,1,27,31,0,1,1,2
2013,"Mon, Feb 4",Arizona,Minnesota,2,1,22,34,0,2,1,1
2013,"Thu, Feb 7",Minnesota,Vancouver,1,4,23,22,1,4,5,6
2013,"Sat, Feb 9",Minnesota,Nashville,2,1,32,26,1,4,6,6
2013,"Mon, Feb 11",Calgary,Minnesota,1,2,24,24,0,4,2,2
2013,"Tue, Feb 12",Vancouver,Minnesota,2,1,26,30,1,5,1,2
2013,"Thu, Feb 14",Minnesota,Colorado,3,4,29,32,0,1,1,2
2013,"Sun, Feb 17",Minnesota,Detroit,3,2,24,31,0,2,3,3
2013,"Thu, Feb 21",Edmonton,Minnesota,1,3,28,28,0,3,1,1
2013,"Sat, Feb 23",Calgary,Minnesota,3,1,31,27,0,2,2,2
2013,"Tue, Feb 26",Minnesota,Calgary,2,1,30,21,1,7,6,7
2013,"Thu, Feb 28",Arizona,Minnesota,3,4,23,28,1,5,3,3
2013,"Fri, Mar 1",Anaheim,Minnesota,3,2,33,29,0,3,1,1
2013,"Sun, Mar 3",Minnesota,Edmonton,4,2,43,21,1,3,1,1
2013,"Tue, Mar 5",Chicago,Minnesota,5,3,23,32,1,2,3,3
2013,"Sat, Mar 9",Nashville,Minnesota,1,2,29,25,1,5,1,2
2013,"Sun, Mar 10",Minnesota,Vancouver,4,2,32,27,1,3,4,4
2013,"Tue, Mar 12",Minnesota,Anaheim,1,2,31,21,1,5,3,3
2013,"Thu, Mar 14",Minnesota,Colorado,5,3,40,32,0,4,1,2
2013,"Sat, Mar 16",Colorado,Minnesota,4,6,28,32,1,2,2,2
2013,"Mon, Mar 18",Vancouver,Minnesota,1,3,25,36,1,2,3,4
2013,"Wed, Mar 20",Detroit,Minnesota,2,4,19,38,2,3,4,5
2013,"Sat, Mar 23",Minnesota,San Jose,2,0,24,33,1,4,4,4
2013,"Mon, Mar 25",Dallas,Minnesota,4,7,42,26,0,2,2,3
2013,"Wed, Mar 27",Minnesota,Arizona,4,3,37,27,0,4,2,2
2013,"Fri, Mar 29",Dallas,Minnesota,5,3,33,33,1,4,3,6
2013,"Sat, Mar 30",Minnesota,Los Angeles,4,3,28,31,1,4,0,2
2013,"Mon, Apr 1",Minnesota,St. Louis,1,4,25,24,0,5,1,1
2013,"Wed, Apr 3",San Jose,Minnesota,4,2,33,33,0,1,3,5
2013,"Thu, Apr 4",Los Angeles,Minnesota,3,0,23,14,0,1,2,2
2013,"Sun, Apr 7",Columbus,Minnesota,0,3,24,24,2,3,4,4
2013,"Tue, Apr 9",Minnesota,Chicago,0,1,20,31,0,1,2,2
2013,"Thu, Apr 11",Minnesota,St. Louis,0,2,23,20,0,3,1,1
2013,"Sat, Apr 13",Minnesota,Columbus,2,3,41,22,1,4,2,2
2013,"Mon, Apr 15",Calgary,Minnesota,3,4,27,23,0,2,2,2
2013,"Tue, Apr 16",Edmonton,Minnesota,3,5,30,19,1,2,0,1
2013,"Thu, Apr 18",San Jose,Minnesota,6,1,28,29,0,0,0,1
2013,"Sun, Apr 21",Minnesota,Calgary,1,4,35,24,0,3,0,3
2013,"Tue, Apr 23",Minnesota,Los Angeles,2,1,25,23,0,1,1,1
2013,"Fri, Apr 26",Minnesota,Edmonton,1,6,39,17,0,2,2,2
2013,"Sat, Apr 27",Colorado,Minnesota,1,3,33,30,1,3,1,1
2013,"Sat, Jan 19",Montreal,Toronto,1,2,22,26,1,5,3,5
2013,"Tue, Jan 22",Montreal,Florida,4,1,33,28,2,6,7,8
2013,"Thu, Jan 24",Washington,Montreal,1,4,22,31,2,6,4,4
2013,"Sun, Jan 27",Montreal,New Jersey,4,3,32,25,1,5,3,4
2013,"Tue, Jan 29",Montreal,Winnipeg,4,3,26,21,2,5,5,6
2013,"Wed, Jan 30",Ottawa,Montreal,5,1,32,27,1,6,3,5
2013,"Sat, Feb 2",Montreal,Buffalo,6,1,32,31,2,8,6,6
2013,"Sun, Feb 3",Montreal,Ottawa,2,1,32,33,0,5,2,3
2013,"Wed, Feb 6",Montreal,Boston,1,2,21,23,1,5,4,4
2013,"Thu, Feb 7",Buffalo,Montreal,5,4,32,40,1,4,6,7
2013,"Sat, Feb 9",Montreal,Toronto,0,6,37,28,0,4,4,6
2013,"Tue, Feb 12",Tampa Bay,Montreal,3,4,34,24,1,7,4,5
2013,"Thu, Feb 14",Florida,Montreal,0,1,32,26,0,3,2,2
2013,"Sat, Feb 16",Montreal,Philadelphia,4,1,29,19,0,4,4,4
2013,"Mon, Feb 18",Montreal,Carolina,3,0,26,19,0,4,3,3
2013,"Tue, Feb 19",NY Rangers,Montreal,1,3,18,25,0,1,2,2
2013,"Thu, Feb 21",Montreal,NY Islanders,3,4,33,25,1,4,2,4
2013,"Sat, Feb 23",Montreal,NY Rangers,3,0,18,17,1,4,2,2
2013,"Mon, Feb 25",Ottawa,Montreal,2,1,45,24,1,4,1,1
2013,"Wed, Feb 27",Toronto,Montreal,2,5,40,23,1,2,1,1
2013,"Sat, Mar 2",Montreal,Pittsburgh,6,7,39,36,0,3,1,2
2013,"Sun, Mar 3",Boston,Montreal,3,4,26,34,1,5,2,2
2013,"Tue, Mar 5",NY Islanders,Montreal,6,3,32,24,2,5,3,5
2013,"Thu, Mar 7",Carolina,Montreal,2,4,28,43,1,6,4,4
2013,"Sat, Mar 9",Tampa Bay,Montreal,3,4,29,23,0,3,1,2
2013,"Sun, Mar 10",Florida,Montreal,2,5,38,16,2,6,1,1
2013,"Wed, Mar 13",Montreal,Ottawa,4,3,45,32,2,5,1,3
2013,"Sat, Mar 16",New Jersey,Montreal,1,2,22,33,0,3,2,3
2013,"Tue, Mar 19",Montreal,Buffalo,2,3,34,21,0,2,3,4
2013,"Thu, Mar 21",NY Islanders,Montreal,2,5,29,27,2,4,4,4
2013,"Sat, Mar 23",Montreal,Buffalo,1,2,39,18,1,3,2,3
2013,"Tue, Mar 26",Pittsburgh,Montreal,1,0,37,25,0,2,2,2
2013,"Wed, Mar 27",Boston,Montreal,5,6,28,41,1,6,3,4
2013,"Sat, Mar 30",Montreal,NY Rangers,3,0,26,34,1,2,1,1
2013,"Mon, Apr 1",Montreal,Carolina,4,1,29,19,1,3,5,5
2013,"Wed, Apr 3",Philadelphia,Montreal,5,3,17,34,0,3,3,3
2013,"Thu, Apr 4",Montreal,Winnipeg,4,1,24,34,2,2,3,3
2013,"Sat, Apr 6",Montreal,Boston,2,1,29,27,1,1,1,1
2013,"Tue, Apr 9",Montreal,Washington,2,3,29,27,0,1,1,1
2013,"Thu, Apr 11",Buffalo,Montreal,1,5,42,15,2,8,2,2
2013,"Sat, Apr 13",Toronto,Montreal,5,1,37,28,0,4,4,5
2013,"Mon, Apr 15",Montreal,Philadelphia,3,7,28,33,2,6,4,6
2013,"Wed, Apr 17",Pittsburgh,Montreal,6,4,35,29,0,3,5,7
2013,"Thu, Apr 18",Montreal,Tampa Bay,3,2,35,34,1,6,1,2
2013,"Sat, Apr 20",Montreal,Washington,1,5,36,25,0,5,1,3
2013,"Tue, Apr 23",New Jersey,Montreal,3,2,21,24,1,4,2,4
2013,"Thu, Apr 25",Winnipeg,Montreal,2,4,30,25,1,4,2,2
2013,"Sat, Apr 27",Toronto,Montreal,1,4,28,17,0,6,6,7
2013,"Sat, Jan 19",NY Islanders,New Jersey,1,2,19,28,1,4,2,2
2013,"Mon, Jan 21",NY Islanders,Tampa Bay,4,3,44,26,1,7,3,3
2013,"Thu, Jan 24",Toronto,NY Islanders,4,7,34,43,1,2,5,5
2013,"Fri, Jan 25",Boston,NY Islanders,4,2,26,27,0,3,3,3
2013,"Sun, Jan 27",Winnipeg,NY Islanders,5,4,25,35,1,2,3,4
2013,"Tue, Jan 29",Pittsburgh,NY Islanders,1,4,24,38,2,2,3,3
2013,"Thu, Jan 31",New Jersey,NY Islanders,4,5,35,32,3,4,5,5
2013,"Sun, Feb 3",NY Islanders,New Jersey,0,3,22,27,0,7,2,3
2013,"Tue, Feb 5",NY Islanders,Pittsburgh,2,4,34,26,0,7,2,3
2013,"Thu, Feb 7",NY Rangers,NY Islanders,4,1,28,25,0,5,1,2
2013,"Sat, Feb 9",NY Islanders,Buffalo,2,3,43,15,0,3,2,2
2013,"Mon, Feb 11",NY Islanders,Carolina,4,6,28,31,4,5,3,3
2013,"Thu, Feb 14",NY Rangers,NY Islanders,3,4,31,39,0,1,3,4
2013,"Sat, Feb 16",NY Islanders,New Jersey,5,1,33,31,3,6,4,5
2013,"Mon, Feb 18",NY Islanders,Philadelphia,0,7,19,25,0,5,2,4
2013,"Tue, Feb 19",Ottawa,NY Islanders,3,1,38,26,0,4,4,5
2013,"Thu, Feb 21",Montreal,NY Islanders,3,4,25,33,2,4,3,4
2013,"Sat, Feb 23",Buffalo,NY Islanders,0,4,32,35,1,4,6,6
2013,"Sun, Feb 24",NY Islanders,Carolina,2,4,25,28,0,3,2,3
2013,"Tue, Feb 26",NY Islanders,Boston,1,4,37,34,0,3,4,4
2013,"Thu, Feb 28",NY Islanders,Toronto,4,5,27,28,0,0,0,0
2013,"Sun, Mar 3",NY Islanders,Ottawa,3,2,35,31,0,5,2,3
2013,"Tue, Mar 5",NY Islanders,Montreal,6,3,24,32,2,5,3,5
2013,"Thu, Mar 7",NY Islanders,NY Rangers,1,2,29,37,0,0,2,3
2013,"Sat, Mar 9",NY Islanders,Washington,5,2,45,24,2,6,2,3
2013,"Sun, Mar 10",Pittsburgh,NY Islanders,6,1,24,28,0,3,2,4
2013,"Thu, Mar 14",Tampa Bay,NY Islanders,0,2,29,18,1,1,2,2
2013,"Sat, Mar 16",Florida,NY Islanders,3,4,25,30,0,0,1,1
2013,"Tue, Mar 19",NY Islanders,Ottawa,3,5,29,23,1,6,1,1
2013,"Thu, Mar 21",NY Islanders,Montreal,2,5,27,29,0,4,2,4
2013,"Fri, Mar 22",NY Islanders,Pittsburgh,2,4,35,25,0,2,2,2
2013,"Sun, Mar 24",NY Islanders,Florida,3,0,37,26,1,2,2,2
2013,"Tue, Mar 26",Washington,NY Islanders,2,3,31,22,0,2,3,3
2013,"Thu, Mar 28",Philadelphia,NY Islanders,3,4,36,36,0,5,0,2
2013,"Sat, Mar 30",Pittsburgh,NY Islanders,2,0,35,27,0,4,2,2
2013,"Mon, Apr 1",New Jersey,NY Islanders,1,3,21,25,1,2,1,1
2013,"Tue, Apr 2",NY Islanders,Winnipeg,5,2,39,25,1,1,1,1
2013,"Thu, Apr 4",Washington,NY Islanders,2,1,36,22,0,2,2,2
2013,"Sat, Apr 6",NY Islanders,Tampa Bay,4,2,28,21,0,1,3,3
2013,"Tue, Apr 9",NY Islanders,Philadelphia,4,1,32,27,0,1,2,2
2013,"Thu, Apr 11",Boston,NY Islanders,1,2,36,31,0,1,0,1
2013,"Sat, Apr 13",NY Islanders,NY Rangers,0,1,29,20,0,2,4,4
2013,"Tue, Apr 16",NY Islanders,Florida,5,2,31,28,2,3,4,5
2013,"Thu, Apr 18",Toronto,NY Islanders,3,5,38,21,1,5,2,4
2013,"Sat, Apr 20",Winnipeg,NY Islanders,4,5,33,28,0,5,2,3
2013,"Tue, Apr 23",Carolina,NY Islanders,4,3,39,32,0,2,0,0
2013,"Thu, Apr 25",Philadelphia,NY Islanders,2,1,22,30,0,1,2,3
2013,"Fri, Apr 26",Buffalo,NY Islanders,2,1,31,22,0,4,3,3
2013,"Sat, Jan 19",Boston,NY Rangers,3,1,21,34,0,5,7,7
2013,"Sun, Jan 20",NY Rangers,Pittsburgh,3,6,34,39,1,4,3,5
2013,"Wed, Jan 23",NY Rangers,Boston,4,3,33,29,0,5,4,5
2013,"Thu, Jan 24",Philadelphia,NY Rangers,2,1,19,33,1,4,2,3
2013,"Sat, Jan 26",NY Rangers,Toronto,5,2,42,17,0,4,3,4
2013,"Tue, Jan 29",NY Rangers,Philadelphia,2,1,28,27,1,2,5,6
2013,"Thu, Jan 31",NY Rangers,Pittsburgh,0,3,28,29,0,4,5,6
2013,"Sat, Feb 2",Tampa Bay,NY Rangers,2,3,30,32,0,2,0,1
2013,"Tue, Feb 5",New Jersey,NY Rangers,3,1,25,22,0,5,3,4
2013,"Thu, Feb 7",NY Rangers,NY Islanders,4,1,25,28,1,2,5,5
2013,"Sun, Feb 10",NY Rangers,Tampa Bay,5,1,32,20,0,3,2,2
2013,"Tue, Feb 12",Boston,NY Rangers,3,4,29,40,0,4,4,4
2013,"Thu, Feb 14",NY Rangers,NY Islanders,3,4,39,31,1,4,1,1
2013,"Sun, Feb 17",NY Rangers,Washington,2,1,40,28,1,5,4,4
2013,"Tue, Feb 19",NY Rangers,Montreal,1,3,25,18,0,2,1,1
2013,"Thu, Feb 21",Ottawa,NY Rangers,3,2,34,37,1,4,1,2
2013,"Sat, Feb 23",Montreal,NY Rangers,3,0,17,18,0,2,3,4
2013,"Tue, Feb 26",NY Rangers,Winnipeg,3,4,33,32,0,2,3,3
2013,"Thu, Feb 28",NY Rangers,Tampa Bay,4,1,42,25,1,4,3,3
2013,"Sun, Mar 3",NY Rangers,Buffalo,3,2,28,30,2,4,5,5
2013,"Tue, Mar 5",NY Rangers,Philadelphia,4,2,20,25,1,4,1,3
2013,"Thu, Mar 7",NY Islanders,NY Rangers,1,2,37,29,1,3,0,0
2013,"Fri, Mar 8",NY Rangers,Ottawa,2,3,35,39,0,2,2,3
2013,"Sun, Mar 10",Washington,NY Rangers,1,4,30,29,1,2,3,3
2013,"Tue, Mar 12",Buffalo,NY Rangers,3,1,33,22,0,1,5,5
2013,"Thu, Mar 14",Winnipeg,NY Rangers,3,1,29,33,0,1,1,2
2013,"Sat, Mar 16",Pittsburgh,NY Rangers,3,0,23,27,0,2,2,3
2013,"Mon, Mar 18",NY Rangers,Carolina,2,1,36,30,0,3,3,3
2013,"Tue, Mar 19",New Jersey,NY Rangers,2,3,22,31,0,2,3,4
2013,"Thu, Mar 21",NY Rangers,Florida,1,3,45,24,0,3,1,2
2013,"Sun, Mar 24",NY Rangers,Washington,2,3,32,24,1,2,2,3
2013,"Tue, Mar 26",Philadelphia,NY Rangers,2,5,31,34,1,3,0,1
2013,"Thu, Mar 28",Ottawa,NY Rangers,3,0,24,29,0,4,1,2
2013,"Sat, Mar 30",Montreal,NY Rangers,3,0,34,26,0,1,1,2
2013,"Mon, Apr 1",NY Rangers,Winnipeg,4,2,35,28,0,1,5,5
2013,"Wed, Apr 3",NY Rangers,Pittsburgh,6,1,39,27,3,4,2,2
2013,"Fri, Apr 5",Pittsburgh,NY Rangers,2,1,35,27,0,2,2,2
2013,"Sat, Apr 6",Carolina,NY Rangers,1,4,39,49,2,5,5,5
2013,"Mon, Apr 8",Toronto,NY Rangers,4,3,34,28,0,2,1,2
2013,"Wed, Apr 10",NY Rangers,Toronto,3,2,28,25,0,3,2,2
2013,"Sat, Apr 13",NY Islanders,NY Rangers,0,1,20,29,0,4,2,2
2013,"Tue, Apr 16",Philadelphia,NY Rangers,4,2,40,22,0,5,1,2
2013,"Thu, Apr 18",NY Rangers,Florida,6,1,30,35,2,4,1,1
2013,"Fri, Apr 19",Buffalo,NY Rangers,4,8,29,28,0,1,2,4
2013,"Sun, Apr 21",NY Rangers,New Jersey,4,1,22,27,1,6,2,2
2013,"Tue, Apr 23",Florida,NY Rangers,3,2,38,16,0,3,1,2
2013,"Thu, Apr 25",Carolina,NY Rangers,3,4,38,21,1,3,1,2
2013,"Sat, Apr 27",NY Rangers,New Jersey,4,0,21,20,0,6,4,4
2013,"Sat, Jan 19",Nashville,Columbus,2,3,34,28,1,1,1,2
2013,"Mon, Jan 21",Nashville,St. Louis,3,4,24,39,2,6,1,2
2013,"Tue, Jan 22",Minnesota,Nashville,1,3,26,30,1,3,3,3
2013,"Thu, Jan 24",St. Louis,Nashville,3,0,13,24,0,4,3,4
2013,"Sat, Jan 26",Anaheim,Nashville,3,2,21,22,0,3,4,4
2013,"Mon, Jan 28",Arizona,Nashville,4,0,21,25,0,2,3,4
2013,"Thu, Jan 31",Los Angeles,Nashville,1,2,14,24,0,3,5,6
2013,"Sat, Feb 2",San Jose,Nashville,1,2,24,27,0,5,4,5
2013,"Tue, Feb 5",St. Louis,Nashville,1,6,19,32,1,2,4,5
2013,"Thu, Feb 7",Nashville,Los Angeles,3,0,14,32,1,3,3,3
2013,"Sat, Feb 9",Minnesota,Nashville,2,1,26,32,0,6,3,4
2013,"Sun, Feb 10",Nashville,Chicago,0,3,17,27,0,1,2,2
2013,"Tue, Feb 12",Nashville,San Jose,1,0,25,25,0,2,6,6
2013,"Thu, Feb 14",Nashville,Arizona,3,0,29,19,1,2,4,4
2013,"Sat, Feb 16",Nashville,Anaheim,2,3,34,22,0,5,2,2
2013,"Mon, Feb 18",Colorado,Nashville,6,5,38,28,1,5,1,2
2013,"Tue, Feb 19",Nashville,Detroit,4,3,25,29,1,6,2,2
2013,"Fri, Feb 22",Nashville,Vancouver,0,1,23,24,0,2,2,2
2013,"Sat, Feb 23",Detroit,Nashville,4,0,33,27,0,2,1,2
2013,"Mon, Feb 25",Nashville,Dallas,5,4,31,24,1,4,2,4
2013,"Wed, Feb 27",Anaheim,Nashville,5,1,21,28,0,2,1,3
2013,"Sat, Mar 2",San Jose,Nashville,2,1,19,39,0,1,2,4
2013,"Mon, Mar 4",Los Angeles,Nashville,5,1,19,16,0,3,2,4
2013,"Fri, Mar 8",Nashville,Edmonton,6,0,34,24,2,4,0,0
2013,"Sat, Mar 9",Nashville,Minnesota,1,2,25,29,1,2,4,5
2013,"Tue, Mar 12",Dallas,Nashville,0,4,21,32,2,4,4,4
2013,"Thu, Mar 14",Vancouver,Nashville,7,4,33,22,0,4,2,2
2013,"Fri, Mar 15",Calgary,Nashville,6,3,20,22,1,2,2,3
2013,"Sun, Mar 17",Edmonton,Nashville,3,2,31,21,1,4,1,2
2013,"Tue, Mar 19",Columbus,Nashville,4,3,35,31,0,1,2,3
2013,"Thu, Mar 21",Nashville,Calgary,5,3,23,22,1,4,2,3
2013,"Sat, Mar 23",Nashville,Columbus,5,2,24,23,2,2,2,3
2013,"Mon, Mar 25",Nashville,Edmonton,3,2,26,26,0,2,3,4
2013,"Thu, Mar 28",Nashville,Arizona,4,7,38,29,0,4,1,2
2013,"Sat, Mar 30",Colorado,Nashville,1,0,34,24,0,6,1,1
2013,"Mon, Apr 1",Chicago,Nashville,3,2,27,40,0,1,3,3
2013,"Tue, Apr 2",Nashville,Colorado,3,1,38,26,1,3,2,2
2013,"Thu, Apr 4",Nashville,Columbus,1,3,39,38,0,2,1,2
2013,"Sat, Apr 6",Nashville,Chicago,0,1,20,30,0,3,1,1
2013,"Sun, Apr 7",Chicago,Nashville,5,3,22,40,0,1,1,1
2013,"Tue, Apr 9",Nashville,St. Louis,0,1,15,26,0,0,1,1
2013,"Fri, Apr 12",Nashville,Dallas,2,5,28,18,1,3,2,3
2013,"Sun, Apr 14",Nashville,Detroit,0,3,22,32,0,2,2,2
2013,"Mon, Apr 15",Nashville,Vancouver,2,5,38,24,0,2,2,4
2013,"Fri, Apr 19",Chicago,Nashville,5,4,27,30,0,3,1,3
2013,"Tue, Apr 23",Nashville,Calgary,4,3,32,18,1,3,1,1
2013,"Thu, Apr 25",Detroit,Nashville,5,2,22,38,1,5,3,4
2013,"Sat, Apr 27",Columbus,Nashville,3,1,20,47,0,0,1,2
2013,"Sat, Jan 19",NY Islanders,New Jersey,1,2,28,19,0,2,3,4
2013,"Tue, Jan 22",New Jersey,Philadelphia,3,0,26,24,1,7,6,6
2013,"Fri, Jan 25",New Jersey,Washington,3,2,35,28,1,6,7,8
2013,"Sun, Jan 27",Montreal,New Jersey,4,3,25,32,1,4,4,5
2013,"Tue, Jan 29",Boston,New Jersey,2,1,26,28,1,5,3,3
2013,"Thu, Jan 31",New Jersey,NY Islanders,4,5,32,35,0,5,1,4
2013,"Sat, Feb 2",Pittsburgh,New Jersey,5,1,16,30,0,2,3,3
2013,"Sun, Feb 3",NY Islanders,New Jersey,0,3,27,22,1,3,7,7
2013,"Tue, Feb 5",New Jersey,NY Rangers,3,1,22,25,1,4,5,5
2013,"Thu, Feb 7",New Jersey,Tampa Bay,4,2,27,19,2,4,4,4
2013,"Sat, Feb 9",New Jersey,Pittsburgh,3,1,28,25,2,10,5,6
2013,"Sun, Feb 10",Pittsburgh,New Jersey,1,3,23,24,1,1,2,3
2013,"Tue, Feb 12",New Jersey,Carolina,2,4,28,25,1,4,3,5
2013,"Fri, Feb 15",New Jersey,Philadelphia,5,3,19,28,0,1,0,1
2013,"Sat, Feb 16",NY Islanders,New Jersey,5,1,31,33,1,5,3,6
2013,"Mon, Feb 18",New Jersey,Ottawa,1,2,31,30,0,3,2,2
2013,"Thu, Feb 21",Washington,New Jersey,2,3,37,19,1,6,2,4
2013,"Sat, Feb 23",Washington,New Jersey,5,1,22,26,0,3,1,3
2013,"Sun, Feb 24",New Jersey,Winnipeg,2,4,26,27,0,2,1,2
2013,"Thu, Feb 28",Winnipeg,New Jersey,3,1,23,21,0,3,3,3
2013,"Sat, Mar 2",Buffalo,New Jersey,4,3,31,23,0,5,6,6
2013,"Mon, Mar 4",Toronto,New Jersey,4,2,30,23,0,4,3,4
2013,"Tue, Mar 5",New Jersey,Tampa Bay,2,5,27,25,1,2,2,2
2013,"Thu, Mar 7",New Jersey,Buffalo,3,2,33,25,1,3,2,3
2013,"Sat, Mar 9",Carolina,New Jersey,6,3,34,22,0,2,2,3
2013,"Sun, Mar 10",New Jersey,Winnipeg,3,2,27,25,0,1,1,1
2013,"Wed, Mar 13",New Jersey,Philadelphia,5,2,32,25,1,6,3,4
2013,"Fri, Mar 15",Philadelphia,New Jersey,2,1,28,22,0,5,4,4
2013,"Sat, Mar 16",New Jersey,Montreal,1,2,33,22,1,3,3,3
2013,"Tue, Mar 19",New Jersey,NY Rangers,2,3,31,22,1,4,2,2
2013,"Thu, Mar 21",Carolina,New Jersey,1,4,22,18,2,3,1,2
2013,"Sat, Mar 23",New Jersey,Florida,2,1,25,18,0,2,2,2
2013,"Mon, Mar 25",Ottawa,New Jersey,3,2,34,14,0,1,1,1
2013,"Fri, Mar 29",Tampa Bay,New Jersey,5,4,25,25,1,5,3,3
2013,"Sat, Mar 30",Florida,New Jersey,3,2,26,30,1,4,2,3
2013,"Mon, Apr 1",New Jersey,NY Islanders,1,3,25,21,0,1,1,2
2013,"Thu, Apr 4",Boston,New Jersey,1,0,40,26,0,1,1,1
2013,"Sat, Apr 6",New Jersey,Toronto,1,2,28,18,0,5,5,5
2013,"Sun, Apr 7",Buffalo,New Jersey,3,2,39,26,1,5,3,3
2013,"Wed, Apr 10",New Jersey,Boston,4,5,28,18,0,7,2,3
2013,"Fri, Apr 12",New Jersey,Ottawa,0,2,33,11,0,4,2,2
2013,"Mon, Apr 15",Toronto,New Jersey,2,0,32,13,0,4,2,3
2013,"Thu, Apr 18",Philadelphia,New Jersey,0,3,31,23,0,3,2,2
2013,"Sat, Apr 20",New Jersey,Florida,6,2,33,13,1,3,1,2
2013,"Sun, Apr 21",NY Rangers,New Jersey,4,1,27,22,0,2,5,6
2013,"Tue, Apr 23",New Jersey,Montreal,3,2,24,21,2,4,3,4
2013,"Thu, Apr 25",New Jersey,Pittsburgh,3,2,32,18,1,3,2,3
2013,"Sat, Apr 27",NY Rangers,New Jersey,4,0,20,21,0,4,6,6
2013,"Sat, Jan 19",Winnipeg,Ottawa,1,4,37,28,1,2,5,6
2013,"Mon, Jan 21",Ottawa,Florida,4,0,37,31,1,4,3,3
2013,"Thu, Jan 24",Florida,Ottawa,1,3,37,26,1,3,4,5
2013,"Fri, Jan 25",Tampa Bay,Ottawa,6,4,36,31,1,4,3,4
2013,"Sun, Jan 27",Ottawa,Pittsburgh,1,2,32,34,0,2,5,5
2013,"Tue, Jan 29",Ottawa,Washington,3,2,27,33,1,4,2,2
2013,"Wed, Jan 30",Ottawa,Montreal,5,1,27,32,2,5,5,6
2013,"Fri, Feb 1",Carolina,Ottawa,1,0,33,35,0,4,4,4
2013,"Sun, Feb 3",Montreal,Ottawa,2,1,33,32,1,3,5,5
2013,"Tue, Feb 5",Ottawa,Buffalo,4,3,24,23,1,2,4,4
2013,"Thu, Feb 7",Ottawa,Carolina,2,3,47,26,0,3,1,2
2013,"Sat, Feb 9",Ottawa,Winnipeg,0,1,33,37,0,3,1,1
2013,"Tue, Feb 12",Ottawa,Buffalo,2,0,31,42,0,8,4,4
2013,"Wed, Feb 13",Pittsburgh,Ottawa,4,2,29,30,0,4,4,5
2013,"Sat, Feb 16",Toronto,Ottawa,3,0,34,29,0,4,2,2
2013,"Mon, Feb 18",New Jersey,Ottawa,1,2,30,31,0,2,3,3
2013,"Tue, Feb 19",Ottawa,NY Islanders,3,1,26,38,1,5,4,4
2013,"Thu, Feb 21",Ottawa,NY Rangers,3,2,37,34,1,2,3,4
2013,"Sat, Feb 23",Ottawa,Toronto,3,2,35,28,0,1,1,2
2013,"Mon, Feb 25",Ottawa,Montreal,2,1,24,45,0,1,3,4
2013,"Thu, Feb 28",Boston,Ottawa,2,1,31,46,1,5,3,3
2013,"Sat, Mar 2",Philadelphia,Ottawa,2,1,34,41,0,5,5,5
2013,"Sun, Mar 3",NY Islanders,Ottawa,3,2,31,35,1,3,5,5
2013,"Wed, Mar 6",Toronto,Ottawa,5,4,43,28,0,1,1,2
2013,"Fri, Mar 8",NY Rangers,Ottawa,2,3,39,35,1,3,2,2
2013,"Mon, Mar 11",Ottawa,Boston,2,3,32,35,0,2,3,3
2013,"Wed, Mar 13",Montreal,Ottawa,4,3,32,45,2,3,3,5
2013,"Sat, Mar 16",Buffalo,Ottawa,3,4,34,36,1,3,3,3
2013,"Sun, Mar 17",Ottawa,Winnipeg,4,1,42,26,2,4,3,3
2013,"Tue, Mar 19",NY Islanders,Ottawa,3,5,23,29,0,1,5,6
2013,"Thu, Mar 21",Ottawa,Boston,1,2,28,29,0,0,2,2
2013,"Sat, Mar 23",Ottawa,Tampa Bay,5,3,32,32,1,2,4,4
2013,"Mon, Mar 25",Ottawa,New Jersey,3,2,14,34,0,1,1,1
2013,"Thu, Mar 28",Ottawa,NY Rangers,3,0,29,24,1,2,4,4
2013,"Sat, Mar 30",Ottawa,Toronto,0,4,31,23,0,5,4,5
2013,"Tue, Apr 2",Boston,Ottawa,3,2,47,50,0,3,3,3
2013,"Fri, Apr 5",Buffalo,Ottawa,4,2,37,30,0,4,2,2
2013,"Sun, Apr 7",Florida,Ottawa,2,1,41,17,0,5,0,1
2013,"Tue, Apr 9",Tampa Bay,Ottawa,3,2,33,24,1,4,5,7
2013,"Thu, Apr 11",Philadelphia,Ottawa,1,3,34,25,1,6,2,2
2013,"Fri, Apr 12",New Jersey,Ottawa,0,2,11,33,0,2,4,4
2013,"Tue, Apr 16",Ottawa,Carolina,3,2,34,34,0,4,3,4
2013,"Thu, Apr 18",Ottawa,Washington,3,1,38,19,0,3,3,3
2013,"Sat, Apr 20",Ottawa,Toronto,1,4,50,22,0,2,2,3
2013,"Mon, Apr 22",Ottawa,Pittsburgh,1,3,35,24,1,6,5,5
2013,"Thu, Apr 25",Washington,Ottawa,1,2,41,20,1,5,1,1
2013,"Sat, Apr 27",Ottawa,Philadelphia,1,2,44,25,0,5,2,2
2013,"Sun, Apr 28",Boston,Ottawa,2,4,22,36,0,2,1,2
2013,"Sat, Jan 19",Philadelphia,Pittsburgh,1,3,27,27,0,5,1,3
2013,"Sun, Jan 20",Buffalo,Philadelphia,5,2,29,41,1,4,3,6
2013,"Tue, Jan 22",New Jersey,Philadelphia,3,0,24,26,0,6,6,7
2013,"Thu, Jan 24",Philadelphia,NY Rangers,2,1,33,19,1,3,3,4
2013,"Sat, Jan 26",Florida,Philadelphia,1,7,26,31,2,7,4,4
2013,"Sun, Jan 27",Tampa Bay,Philadelphia,5,1,25,26,0,6,3,5
2013,"Tue, Jan 29",NY Rangers,Philadelphia,2,1,27,28,1,6,1,2
2013,"Fri, Feb 1",Washington,Philadelphia,3,2,31,26,0,3,5,5
2013,"Sat, Feb 2",Philadelphia,Carolina,5,3,24,42,3,3,5,6
2013,"Tue, Feb 5",Philadelphia,Tampa Bay,2,1,24,22,0,2,4,4
2013,"Thu, Feb 7",Philadelphia,Florida,2,3,32,24,1,4,3,4
2013,"Sat, Feb 9",Philadelphia,Carolina,4,3,32,33,0,3,3,3
2013,"Mon, Feb 11",Toronto,Philadelphia,5,2,46,24,0,3,5,5
2013,"Tue, Feb 12",Winnipeg,Philadelphia,2,3,23,26,1,4,3,3
2013,"Fri, Feb 15",New Jersey,Philadelphia,5,3,28,19,1,1,1,1
2013,"Sat, Feb 16",Montreal,Philadelphia,4,1,19,29,0,4,4,4
2013,"Mon, Feb 18",NY Islanders,Philadelphia,0,7,25,19,2,4,5,5
2013,"Wed, Feb 20",Pittsburgh,Philadelphia,5,6,32,32,1,6,5,7
2013,"Thu, Feb 21",Philadelphia,Florida,2,5,34,26,0,2,2,3
2013,"Sat, Feb 23",Philadelphia,Winnipeg,5,3,39,37,3,6,4,4
2013,"Mon, Feb 25",Philadelphia,Toronto,2,4,25,22,1,6,3,3
2013,"Wed, Feb 27",Philadelphia,Washington,4,1,32,24,2,3,3,3
2013,"Sat, Mar 2",Philadelphia,Ottawa,2,1,41,34,0,5,5,5
2013,"Tue, Mar 5",NY Rangers,Philadelphia,4,2,25,20,2,3,3,4
2013,"Thu, Mar 7",Philadelphia,Pittsburgh,4,5,32,22,2,4,2,3
2013,"Sat, Mar 9",Boston,Philadelphia,3,0,23,28,0,3,1,2
2013,"Sun, Mar 10",Philadelphia,Buffalo,3,2,28,20,2,6,3,3
2013,"Wed, Mar 13",New Jersey,Philadelphia,5,2,25,32,1,4,5,6
2013,"Fri, Mar 15",Philadelphia,New Jersey,2,1,22,28,0,4,5,5
2013,"Mon, Mar 18",Tampa Bay,Philadelphia,4,2,30,27,0,4,4,4
2013,"Sun, Mar 24",Pittsburgh,Philadelphia,2,1,28,35,1,1,2,3
2013,"Tue, Mar 26",Philadelphia,NY Rangers,2,5,34,31,1,1,2,3
2013,"Thu, Mar 28",Philadelphia,NY Islanders,3,4,36,36,2,2,5,5
2013,"Sat, Mar 30",Philadelphia,Boston,3,1,22,34,1,1,2,2
2013,"Sun, Mar 31",Philadelphia,Washington,5,4,34,29,1,4,5,7
2013,"Wed, Apr 3",Philadelphia,Montreal,5,3,34,17,0,3,3,3
2013,"Thu, Apr 4",Toronto,Philadelphia,3,5,31,28,0,3,1,1
2013,"Sat, Apr 6",Winnipeg,Philadelphia,4,1,31,25,0,3,3,3
2013,"Tue, Apr 9",NY Islanders,Philadelphia,4,1,27,32,0,2,1,1
2013,"Thu, Apr 11",Philadelphia,Ottawa,1,3,25,34,0,2,5,6
2013,"Sat, Apr 13",Buffalo,Philadelphia,1,0,29,21,0,3,1,1
2013,"Mon, Apr 15",Montreal,Philadelphia,3,7,33,28,2,6,4,6
2013,"Tue, Apr 16",Philadelphia,NY Rangers,4,2,22,40,1,2,5,5
2013,"Thu, Apr 18",Philadelphia,New Jersey,0,3,23,31,0,2,3,3
2013,"Sat, Apr 20",Carolina,Philadelphia,3,5,38,29,0,4,3,3
2013,"Tue, Apr 23",Philadelphia,Boston,5,2,29,41,0,3,3,3
2013,"Thu, Apr 25",Philadelphia,NY Islanders,2,1,30,22,1,3,1,1
2013,"Sat, Apr 27",Ottawa,Philadelphia,1,2,25,44,0,2,5,5
2013,"Sat, Jan 19",Philadelphia,Pittsburgh,1,3,27,27,2,3,5,5
2013,"Sun, Jan 20",NY Rangers,Pittsburgh,3,6,39,34,2,5,3,4
2013,"Wed, Jan 23",Pittsburgh,Toronto,2,5,30,24,1,5,7,8
2013,"Fri, Jan 25",Winnipeg,Pittsburgh,4,2,35,32,0,1,1,2
2013,"Sun, Jan 27",Ottawa,Pittsburgh,1,2,34,32,0,5,2,2
2013,"Tue, Jan 29",Pittsburgh,NY Islanders,1,4,38,24,0,3,0,2
2013,"Thu, Jan 31",NY Rangers,Pittsburgh,0,3,29,28,1,6,4,4
2013,"Sat, Feb 2",Pittsburgh,New Jersey,5,1,30,16,0,3,2,2
2013,"Sun, Feb 3",Washington,Pittsburgh,3,6,26,24,2,3,3,4
2013,"Tue, Feb 5",NY Islanders,Pittsburgh,2,4,26,34,1,3,7,7
2013,"Thu, Feb 7",Pittsburgh,Washington,5,2,28,25,3,4,1,2
2013,"Sat, Feb 9",New Jersey,Pittsburgh,3,1,25,28,1,6,8,10
2013,"Sun, Feb 10",Pittsburgh,New Jersey,1,3,24,23,1,3,0,1
2013,"Wed, Feb 13",Pittsburgh,Ottawa,4,2,30,29,1,5,4,4
2013,"Fri, Feb 15",Winnipeg,Pittsburgh,1,3,28,26,1,3,2,2
2013,"Sun, Feb 17",Buffalo,Pittsburgh,3,4,35,33,1,4,3,4
2013,"Wed, Feb 20",Pittsburgh,Philadelphia,5,6,32,32,2,7,5,6
2013,"Fri, Feb 22",Pittsburgh,Florida,3,1,40,23,1,4,2,2
2013,"Sun, Feb 24",Pittsburgh,Tampa Bay,5,3,22,30,1,2,1,2
2013,"Tue, Feb 26",Florida,Pittsburgh,6,4,34,36,1,5,3,7
2013,"Thu, Feb 28",Carolina,Pittsburgh,4,1,27,29,0,5,5,5
2013,"Sat, Mar 2",Montreal,Pittsburgh,6,7,36,39,1,2,3,3
2013,"Mon, Mar 4",Pittsburgh,Tampa Bay,4,3,32,28,0,3,1,1
2013,"Thu, Mar 7",Philadelphia,Pittsburgh,4,5,22,32,1,3,2,4
2013,"Sat, Mar 9",Toronto,Pittsburgh,4,5,41,26,0,4,1,3
2013,"Sun, Mar 10",Pittsburgh,NY Islanders,6,1,28,24,2,4,3,3
2013,"Tue, Mar 12",Pittsburgh,Boston,3,2,34,16,0,4,1,2
2013,"Thu, Mar 14",Toronto,Pittsburgh,1,3,28,29,0,3,3,3
2013,"Sat, Mar 16",Pittsburgh,NY Rangers,3,0,27,23,1,3,2,2
2013,"Sun, Mar 17",Pittsburgh,Boston,2,1,18,32,0,1,2,2
2013,"Tue, Mar 19",Pittsburgh,Washington,2,1,36,29,1,3,4,5
2013,"Fri, Mar 22",NY Islanders,Pittsburgh,2,4,25,35,0,2,2,2
2013,"Sun, Mar 24",Pittsburgh,Philadelphia,2,1,35,28,1,3,0,1
2013,"Tue, Mar 26",Pittsburgh,Montreal,1,0,25,37,0,2,2,2
2013,"Thu, Mar 28",Pittsburgh,Winnipeg,4,0,43,20,0,0,4,4
2013,"Sat, Mar 30",Pittsburgh,NY Islanders,2,0,27,35,0,2,4,4
2013,"Tue, Apr 2",Pittsburgh,Buffalo,1,4,20,29,1,4,5,5
2013,"Wed, Apr 3",NY Rangers,Pittsburgh,6,1,27,39,0,2,1,4
2013,"Fri, Apr 5",Pittsburgh,NY Rangers,2,1,27,35,0,2,2,2
2013,"Tue, Apr 9",Carolina,Pittsburgh,3,5,33,28,0,2,1,2
2013,"Thu, Apr 11",Tampa Bay,Pittsburgh,3,6,41,19,3,6,1,4
2013,"Sat, Apr 13",Florida,Pittsburgh,1,3,22,26,1,3,4,4
2013,"Wed, Apr 17",Pittsburgh,Montreal,6,4,29,35,2,7,3,3
2013,"Sat, Apr 20",Boston,Pittsburgh,2,3,24,40,2,6,3,4
2013,"Mon, Apr 22",Ottawa,Pittsburgh,1,3,24,35,0,5,5,6
2013,"Tue, Apr 23",Pittsburgh,Buffalo,2,4,42,33,1,3,0,0
2013,"Thu, Apr 25",New Jersey,Pittsburgh,3,2,18,32,1,3,2,3
2013,"Sat, Apr 27",Pittsburgh,Carolina,8,3,35,30,2,3,4,4
2013,"Sun, Jan 20",Calgary,San Jose,1,4,29,32,2,6,2,3
2013,"Tue, Jan 22",Edmonton,San Jose,3,6,31,29,3,5,3,5
2013,"Thu, Jan 24",San Jose,Arizona,5,3,35,35,2,7,4,6
2013,"Sat, Jan 26",San Jose,Colorado,4,0,43,24,3,6,2,2
2013,"Sun, Jan 27",San Jose,Vancouver,4,1,27,24,2,8,7,7
2013,"Tue, Jan 29",San Jose,Anaheim,3,2,18,30,0,2,4,4
2013,"Thu, Jan 31",San Jose,Edmonton,3,2,38,28,0,5,3,3
2013,"Sat, Feb 2",San Jose,Nashville,1,2,27,24,1,5,5,5
2013,"Mon, Feb 4",Anaheim,San Jose,2,1,26,32,0,6,6,6
2013,"Tue, Feb 5",San Jose,Chicago,3,5,33,31,0,3,4,4
2013,"Sat, Feb 9",San Jose,Arizona,0,1,33,21,0,4,3,3
2013,"Mon, Feb 11",Columbus,San Jose,6,2,27,36,1,3,2,4
2013,"Tue, Feb 12",Nashville,San Jose,1,0,25,25,0,6,2,2
2013,"Fri, Feb 15",Chicago,San Jose,4,1,28,37,0,4,4,5
2013,"Tue, Feb 19",St. Louis,San Jose,1,2,25,26,0,4,3,3
2013,"Fri, Feb 22",Chicago,San Jose,2,1,27,34,0,4,2,2
2013,"Sat, Feb 23",Dallas,San Jose,3,1,32,28,1,7,4,6
2013,"Tue, Feb 26",San Jose,Colorado,3,2,41,27,0,5,2,2
2013,"Thu, Feb 28",San Jose,Detroit,1,2,26,34,0,1,2,2
2013,"Sat, Mar 2",San Jose,Nashville,2,1,39,19,2,4,1,1
2013,"Tue, Mar 5",Vancouver,San Jose,2,3,30,38,0,3,5,5
2013,"Wed, Mar 6",Calgary,San Jose,4,1,33,26,0,4,3,3
2013,"Sat, Mar 9",San Jose,St. Louis,3,4,25,35,1,2,3,4
2013,"Sun, Mar 10",Colorado,San Jose,3,2,38,42,0,5,3,4
2013,"Tue, Mar 12",St. Louis,San Jose,4,2,41,21,1,3,3,3
2013,"Thu, Mar 14",San Jose,Los Angeles,4,3,26,37,2,3,2,3
2013,"Sat, Mar 16",Los Angeles,San Jose,5,2,22,24,1,2,1,1
2013,"Mon, Mar 18",Anaheim,San Jose,5,3,35,28,0,3,1,1
2013,"Wed, Mar 20",Edmonton,San Jose,3,4,34,27,1,2,4,5
2013,"Sat, Mar 23",Minnesota,San Jose,2,0,33,24,0,4,3,4
2013,"Mon, Mar 25",Anaheim,San Jose,3,5,39,27,0,5,2,2
2013,"Wed, Mar 27",San Jose,Anaheim,4,0,29,22,1,3,2,2
2013,"Thu, Mar 28",San Jose,Detroit,2,0,24,27,0,0,1,1
2013,"Sat, Mar 30",San Jose,Arizona,3,2,34,29,1,2,1,1
2013,"Mon, Apr 1",San Jose,Vancouver,3,2,35,25,1,3,0,0
2013,"Wed, Apr 3",San Jose,Minnesota,4,2,33,33,2,5,1,1
2013,"Fri, Apr 5",San Jose,Calgary,2,1,41,24,0,3,1,2
2013,"Sun, Apr 7",San Jose,Dallas,4,5,36,34,0,3,3,3
2013,"Tue, Apr 9",Columbus,San Jose,4,0,30,30,0,1,2,2
2013,"Thu, Apr 11",Detroit,San Jose,2,3,30,29,1,4,3,4
2013,"Sat, Apr 13",Dallas,San Jose,2,1,32,19,1,2,4,5
2013,"Mon, Apr 15",Arizona,San Jose,0,4,41,35,1,2,3,3
2013,"Tue, Apr 16",San Jose,Los Angeles,3,2,35,43,0,3,2,3
2013,"Thu, Apr 18",San Jose,Minnesota,6,1,29,28,1,1,0,0
2013,"Sun, Apr 21",San Jose,Columbus,3,4,35,22,1,2,1,2
2013,"Tue, Apr 23",San Jose,Dallas,3,2,37,26,1,2,2,3
2013,"Wed, Apr 24",Arizona,San Jose,2,1,34,32,0,2,3,4
2013,"Sat, Apr 27",Los Angeles,San Jose,3,2,25,27,0,0,1,1
2013,"Sat, Jan 19",St. Louis,Detroit,6,0,36,14,4,5,4,4
2013,"Mon, Jan 21",Nashville,St. Louis,3,4,39,24,1,2,4,6
2013,"Tue, Jan 22",Chicago,St. Louis,3,2,34,27,1,2,2,3
2013,"Thu, Jan 24",St. Louis,Nashville,3,0,24,13,1,4,4,4
2013,"Sat, Jan 26",Dallas,St. Louis,3,4,32,23,0,3,3,4
2013,"Sun, Jan 27",St. Louis,Minnesota,5,4,34,16,0,5,1,3
2013,"Thu, Jan 31",Columbus,St. Louis,1,4,25,25,2,5,3,4
2013,"Fri, Feb 1",Detroit,St. Louis,5,3,26,31,2,5,6,8
2013,"Tue, Feb 5",St. Louis,Nashville,1,6,32,19,1,5,1,2
2013,"Thu, Feb 7",St. Louis,Detroit,1,5,27,29,1,3,1,1
2013,"Sat, Feb 9",St. Louis,Anaheim,5,6,31,23,2,2,1,1
2013,"Mon, Feb 11",St. Louis,Los Angeles,1,4,22,23,1,5,4,5
2013,"Wed, Feb 13",Detroit,St. Louis,3,4,25,18,1,3,4,4
2013,"Fri, Feb 15",Calgary,St. Louis,2,5,25,32,2,4,3,4
2013,"Sun, Feb 17",Vancouver,St. Louis,3,4,23,31,0,2,2,4
2013,"Tue, Feb 19",St. Louis,San Jose,1,2,26,25,0,3,4,4
2013,"Wed, Feb 20",Colorado,St. Louis,1,0,33,20,0,2,1,1
2013,"Sat, Feb 23",St. Louis,Columbus,2,1,23,20,0,2,4,4
2013,"Thu, Feb 28",St. Louis,Chicago,0,3,21,23,0,4,1,1
2013,"Fri, Mar 1",St. Louis,Edmonton,4,2,30,17,1,2,3,3
2013,"Sun, Mar 3",Dallas,St. Louis,4,1,26,27,0,1,2,3
2013,"Tue, Mar 5",Los Angeles,St. Louis,6,4,14,29,0,3,6,6
2013,"Thu, Mar 7",Arizona,St. Louis,3,6,30,26,0,3,4,5
2013,"Sat, Mar 9",San Jose,St. Louis,3,4,35,25,1,4,1,2
2013,"Sun, Mar 10",Anaheim,St. Louis,4,2,31,22,1,3,6,7
2013,"Tue, Mar 12",St. Louis,San Jose,4,2,21,41,0,3,2,3
2013,"Thu, Mar 14",St. Louis,Arizona,3,0,30,28,0,5,3,3
2013,"Sat, Mar 16",St. Louis,Anaheim,2,1,21,28,1,3,2,2
2013,"Tue, Mar 19",Vancouver,St. Louis,3,2,34,19,0,3,2,2
2013,"Sat, Mar 23",Edmonton,St. Louis,0,3,25,19,0,2,2,2
2013,"Sun, Mar 24",Calgary,St. Louis,3,2,38,17,0,4,2,3
2013,"Tue, Mar 26",St. Louis,Edmonton,0,3,43,19,0,2,0,0
2013,"Thu, Mar 28",St. Louis,Los Angeles,2,4,22,40,1,3,4,4
2013,"Mon, Apr 1",Minnesota,St. Louis,1,4,24,25,0,1,5,5
2013,"Thu, Apr 4",Chicago,St. Louis,3,4,22,36,0,1,2,2
2013,"Fri, Apr 5",St. Louis,Columbus,3,1,19,27,1,4,2,2
2013,"Sun, Apr 7",Detroit,St. Louis,0,1,25,28,0,2,3,3
2013,"Tue, Apr 9",Nashville,St. Louis,0,1,26,15,0,1,0,0
2013,"Thu, Apr 11",Minnesota,St. Louis,0,2,20,23,0,1,3,3
2013,"Fri, Apr 12",Columbus,St. Louis,4,1,32,19,0,5,1,1
2013,"Sun, Apr 14",St. Louis,Chicago,0,2,30,26,0,3,3,3
2013,"Tue, Apr 16",St. Louis,Vancouver,2,1,36,22,0,4,2,3
2013,"Thu, Apr 18",St. Louis,Arizona,2,1,30,34,0,2,2,3
2013,"Fri, Apr 19",St. Louis,Dallas,2,1,20,22,1,3,2,2
2013,"Sun, Apr 21",Colorado,St. Louis,5,3,32,31,0,3,1,2
2013,"Tue, Apr 23",St. Louis,Colorado,3,1,34,18,2,5,3,3
2013,"Thu, Apr 25",St. Louis,Calgary,4,1,20,19,1,5,4,4
2013,"Sat, Apr 27",St. Louis,Chicago,3,1,28,23,0,2,2,2
2013,"Sat, Jan 19",Tampa Bay,Washington,6,3,34,30,3,7,3,4
2013,"Mon, Jan 21",NY Islanders,Tampa Bay,4,3,26,44,0,3,6,7
2013,"Tue, Jan 22",Carolina,Tampa Bay,1,4,26,36,1,6,4,5
2013,"Fri, Jan 25",Tampa Bay,Ottawa,6,4,31,36,1,4,3,4
2013,"Sun, Jan 27",Tampa Bay,Philadelphia,5,1,26,25,2,5,6,6
2013,"Tue, Jan 29",Tampa Bay,Florida,5,2,33,28,2,5,4,4
2013,"Fri, Feb 1",Tampa Bay,Winnipeg,8,3,25,29,3,5,2,4
2013,"Sat, Feb 2",Tampa Bay,NY Rangers,2,3,32,30,1,1,2,2
2013,"Tue, Feb 5",Philadelphia,Tampa Bay,2,1,22,24,0,4,2,2
2013,"Thu, Feb 7",New Jersey,Tampa Bay,4,2,19,27,0,4,2,4
2013,"Sun, Feb 10",NY Rangers,Tampa Bay,5,1,20,32,0,2,3,3
2013,"Tue, Feb 12",Tampa Bay,Montreal,3,4,24,34,1,5,6,7
2013,"Thu, Feb 14",Tampa Bay,Washington,3,4,30,39,0,2,0,1
2013,"Sat, Feb 16",Florida,Tampa Bay,5,6,36,30,1,4,3,3
2013,"Tue, Feb 19",Tampa Bay,Toronto,4,2,19,25,1,6,3,3
2013,"Thu, Feb 21",Tampa Bay,Boston,2,4,26,26,0,3,0,0
2013,"Sat, Feb 23",Carolina,Tampa Bay,2,5,39,34,0,3,3,3
2013,"Sun, Feb 24",Pittsburgh,Tampa Bay,5,3,30,22,1,2,1,2
2013,"Tue, Feb 26",Tampa Bay,Buffalo,1,2,31,21,0,6,1,1
2013,"Thu, Feb 28",NY Rangers,Tampa Bay,4,1,25,42,0,3,3,4
2013,"Sat, Mar 2",Boston,Tampa Bay,3,2,22,27,2,8,3,5
2013,"Mon, Mar 4",Pittsburgh,Tampa Bay,4,3,28,32,0,1,3,3
2013,"Tue, Mar 5",New Jersey,Tampa Bay,2,5,25,27,0,2,1,2
2013,"Thu, Mar 7",Tampa Bay,Winnipeg,1,2,29,28,0,5,2,2
2013,"Sat, Mar 9",Tampa Bay,Montreal,3,4,23,29,1,2,3,3
2013,"Tue, Mar 12",Florida,Tampa Bay,2,3,13,39,1,2,4,4
2013,"Thu, Mar 14",Tampa Bay,NY Islanders,0,2,18,29,0,2,0,1
2013,"Sat, Mar 16",Tampa Bay,Carolina,4,1,26,22,0,1,2,2
2013,"Mon, Mar 18",Tampa Bay,Philadelphia,4,2,27,30,0,4,4,4
2013,"Wed, Mar 20",Toronto,Tampa Bay,4,2,28,26,0,4,2,2
2013,"Sat, Mar 23",Ottawa,Tampa Bay,5,3,32,32,0,4,1,2
2013,"Sun, Mar 24",Winnipeg,Tampa Bay,3,2,25,24,1,5,2,3
2013,"Tue, Mar 26",Tampa Bay,Buffalo,2,1,25,14,1,5,4,4
2013,"Fri, Mar 29",Tampa Bay,New Jersey,5,4,25,25,0,3,4,5
2013,"Tue, Apr 2",Tampa Bay,Florida,2,3,41,25,0,3,1,3
2013,"Thu, Apr 4",Carolina,Tampa Bay,0,5,30,45,0,1,3,3
2013,"Sat, Apr 6",NY Islanders,Tampa Bay,4,2,21,28,0,3,1,1
2013,"Sun, Apr 7",Washington,Tampa Bay,4,2,30,38,1,2,2,2
2013,"Tue, Apr 9",Tampa Bay,Ottawa,3,2,24,33,2,7,3,4
2013,"Thu, Apr 11",Tampa Bay,Pittsburgh,3,6,19,41,3,4,3,6
2013,"Sat, Apr 13",Washington,Tampa Bay,6,5,40,38,0,2,3,5
2013,"Sun, Apr 14",Buffalo,Tampa Bay,3,1,33,22,0,1,2,3
2013,"Tue, Apr 16",Winnipeg,Tampa Bay,4,3,27,36,0,1,2,3
2013,"Thu, Apr 18",Montreal,Tampa Bay,3,2,34,35,1,2,5,6
2013,"Sun, Apr 21",Tampa Bay,Carolina,2,3,37,28,1,2,4,4
2013,"Wed, Apr 24",Tampa Bay,Toronto,5,2,26,28,0,2,2,2
2013,"Thu, Apr 25",Boston,Tampa Bay,2,0,30,24,0,3,1,1
2013,"Sat, Apr 27",Tampa Bay,Florida,3,5,31,32,0,2,1,1
2013,"Sat, Jan 19",Montreal,Toronto,1,2,26,22,2,5,4,5
2013,"Mon, Jan 21",Toronto,Buffalo,1,2,35,20,1,7,3,3
2013,"Wed, Jan 23",Pittsburgh,Toronto,2,5,24,30,1,8,4,5
2013,"Thu, Jan 24",Toronto,NY Islanders,4,7,43,34,0,5,1,2
2013,"Sat, Jan 26",NY Rangers,Toronto,5,2,17,42,1,4,4,4
2013,"Tue, Jan 29",Buffalo,Toronto,3,4,24,32,0,2,0,1
2013,"Thu, Jan 31",Toronto,Washington,3,2,40,22,1,8,2,3
2013,"Sat, Feb 2",Toronto,Boston,0,1,21,34,0,3,2,2
2013,"Mon, Feb 4",Toronto,Carolina,1,4,42,39,0,5,2,4
2013,"Tue, Feb 5",Washington,Toronto,2,3,21,26,0,3,1,3
2013,"Thu, Feb 7",Winnipeg,Toronto,2,3,18,25,1,4,4,4
2013,"Sat, Feb 9",Montreal,Toronto,0,6,28,37,2,6,4,4
2013,"Mon, Feb 11",Toronto,Philadelphia,5,2,24,46,0,5,3,3
2013,"Thu, Feb 14",Carolina,Toronto,3,1,23,33,1,2,2,3
2013,"Sat, Feb 16",Toronto,Ottawa,3,0,29,34,0,2,4,4
2013,"Mon, Feb 18",Florida,Toronto,0,3,33,37,1,2,3,3
2013,"Tue, Feb 19",Tampa Bay,Toronto,4,2,25,19,0,3,5,6
2013,"Thu, Feb 21",Toronto,Buffalo,3,1,36,32,2,5,3,3
2013,"Sat, Feb 23",Ottawa,Toronto,3,2,28,35,1,2,1,1
2013,"Mon, Feb 25",Philadelphia,Toronto,2,4,22,25,0,3,5,6
2013,"Wed, Feb 27",Toronto,Montreal,2,5,23,40,0,1,1,2
2013,"Thu, Feb 28",NY Islanders,Toronto,4,5,28,27,0,0,0,0
2013,"Mon, Mar 4",Toronto,New Jersey,4,2,23,30,1,4,4,4
2013,"Wed, Mar 6",Toronto,Ottawa,5,4,28,43,1,2,1,1
2013,"Thu, Mar 7",Boston,Toronto,4,2,27,25,0,3,3,3
2013,"Sat, Mar 9",Toronto,Pittsburgh,4,5,26,41,2,3,4,4
2013,"Tue, Mar 12",Winnipeg,Toronto,5,2,26,34,0,3,3,4
2013,"Thu, Mar 14",Toronto,Pittsburgh,1,3,29,28,0,3,3,3
2013,"Sat, Mar 16",Toronto,Winnipeg,4,5,32,33,0,2,2,2
2013,"Wed, Mar 20",Toronto,Tampa Bay,4,2,26,28,0,2,4,4
2013,"Thu, Mar 21",Buffalo,Toronto,5,4,34,36,2,4,4,5
2013,"Sat, Mar 23",Toronto,Boston,3,2,13,33,0,2,1,1
2013,"Mon, Mar 25",Boston,Toronto,3,2,25,29,1,3,1,1
2013,"Tue, Mar 26",Toronto,Florida,3,2,31,42,1,3,1,1
2013,"Thu, Mar 28",Toronto,Carolina,6,3,36,22,1,4,2,3
2013,"Sat, Mar 30",Ottawa,Toronto,0,4,23,31,1,5,5,5
2013,"Thu, Apr 4",Toronto,Philadelphia,3,5,28,31,0,1,3,3
2013,"Sat, Apr 6",New Jersey,Toronto,1,2,18,28,0,5,5,5
2013,"Mon, Apr 8",Toronto,NY Rangers,4,3,28,34,1,2,2,2
2013,"Wed, Apr 10",NY Rangers,Toronto,3,2,25,28,0,2,3,3
2013,"Sat, Apr 13",Toronto,Montreal,5,1,28,37,1,5,4,4
2013,"Mon, Apr 15",Toronto,New Jersey,2,0,13,32,1,3,4,4
2013,"Tue, Apr 16",Washington,Toronto,5,1,30,37,0,3,4,6
2013,"Thu, Apr 18",Toronto,NY Islanders,3,5,21,38,2,4,4,5
2013,"Sat, Apr 20",Ottawa,Toronto,1,4,22,50,1,3,2,2
2013,"Wed, Apr 24",Tampa Bay,Toronto,5,2,28,26,0,2,2,2
2013,"Thu, Apr 25",Florida,Toronto,0,4,17,34,0,1,3,3
2013,"Sat, Apr 27",Toronto,Montreal,1,4,17,28,1,7,6,6
2013,"Sat, Jan 19",Vancouver,Anaheim,3,7,29,26,2,4,0,3
2013,"Sun, Jan 20",Vancouver,Edmonton,2,3,29,32,0,5,3,4
2013,"Wed, Jan 23",Vancouver,Calgary,3,2,36,36,1,4,4,5
2013,"Fri, Jan 25",Anaheim,Vancouver,0,5,34,30,3,9,2,2
2013,"Sun, Jan 27",San Jose,Vancouver,4,1,24,27,0,7,6,8
2013,"Mon, Jan 28",Los Angeles,Vancouver,3,2,23,28,0,3,3,4
2013,"Wed, Jan 30",Vancouver,Colorado,3,0,23,24,1,5,4,4
2013,"Fri, Feb 1",Vancouver,Chicago,2,1,22,28,0,4,5,5
2013,"Mon, Feb 4",Edmonton,Vancouver,2,3,40,25,0,4,3,4
2013,"Thu, Feb 7",Minnesota,Vancouver,1,4,22,23,1,6,3,4
2013,"Sat, Feb 9",Vancouver,Calgary,5,1,31,34,1,5,2,2
2013,"Tue, Feb 12",Vancouver,Minnesota,2,1,30,26,1,2,4,5
2013,"Fri, Feb 15",Vancouver,Dallas,3,4,28,29,0,3,4,4
2013,"Sun, Feb 17",Vancouver,St. Louis,3,4,31,23,2,4,2,2
2013,"Tue, Feb 19",Chicago,Vancouver,4,3,32,43,1,3,4,5
2013,"Thu, Feb 21",Dallas,Vancouver,3,4,22,25,1,5,5,5
2013,"Fri, Feb 22",Nashville,Vancouver,0,1,24,23,0,2,2,2
2013,"Sun, Feb 24",Detroit,Vancouver,8,3,21,28,0,2,2,5
2013,"Tue, Feb 26",Vancouver,Arizona,2,4,31,22,0,2,1,1
2013,"Sat, Mar 2",Vancouver,Los Angeles,5,2,24,30,0,2,3,4
2013,"Sun, Mar 3",Calgary,Vancouver,4,2,31,25,0,2,3,4
2013,"Tue, Mar 5",Vancouver,San Jose,2,3,38,30,0,5,3,3
2013,"Thu, Mar 7",Columbus,Vancouver,2,1,35,27,0,1,3,3
2013,"Sun, Mar 10",Minnesota,Vancouver,4,2,27,32,0,4,2,3
2013,"Tue, Mar 12",Columbus,Vancouver,1,2,38,27,0,2,2,2
2013,"Thu, Mar 14",Vancouver,Nashville,7,4,22,33,0,2,4,4
2013,"Sat, Mar 16",Vancouver,Detroit,2,5,35,26,0,6,2,3
2013,"Mon, Mar 18",Vancouver,Minnesota,1,3,36,25,1,4,1,2
2013,"Tue, Mar 19",Vancouver,St. Louis,3,2,19,34,0,2,3,3
2013,"Thu, Mar 21",Arizona,Vancouver,1,2,32,34,0,4,3,4
2013,"Sat, Mar 23",Los Angeles,Vancouver,0,1,13,20,0,3,3,3
2013,"Sun, Mar 24",Colorado,Vancouver,2,3,30,28,1,3,4,5
2013,"Tue, Mar 26",Vancouver,Columbus,1,0,34,17,0,3,2,2
2013,"Thu, Mar 28",Vancouver,Colorado,4,1,20,33,0,0,2,2
2013,"Sat, Mar 30",Edmonton,Vancouver,4,0,23,24,0,3,2,3
2013,"Mon, Apr 1",San Jose,Vancouver,3,2,25,35,0,0,2,3
2013,"Thu, Apr 4",Vancouver,Edmonton,4,0,28,23,1,5,4,4
2013,"Sat, Apr 6",Vancouver,Calgary,5,2,22,38,1,2,5,5
2013,"Mon, Apr 8",Vancouver,Arizona,2,0,41,19,0,2,3,3
2013,"Wed, Apr 10",Calgary,Vancouver,1,4,29,41,1,4,4,4
2013,"Sat, Apr 13",Colorado,Vancouver,4,3,27,26,0,2,3,3
2013,"Mon, Apr 15",Nashville,Vancouver,2,5,24,38,2,4,2,2
2013,"Tue, Apr 16",St. Louis,Vancouver,2,1,22,36,1,3,4,4
2013,"Thu, Apr 18",Dallas,Vancouver,5,1,38,30,0,2,4,5
2013,"Sat, Apr 20",Vancouver,Detroit,2,1,14,34,1,4,3,3
2013,"Mon, Apr 22",Vancouver,Chicago,3,1,32,25,1,5,2,2
2013,"Thu, Apr 25",Vancouver,Anaheim,1,3,29,30,1,4,2,3
2013,"Sat, Apr 27",Edmonton,Vancouver,7,2,30,37,1,3,3,4
2013,"Sat, Jan 19",Tampa Bay,Washington,6,3,30,34,1,4,4,7
2013,"Tue, Jan 22",Washington,Winnipeg,2,4,34,39,1,4,3,5
2013,"Thu, Jan 24",Washington,Montreal,1,4,31,22,0,4,4,6
2013,"Fri, Jan 25",New Jersey,Washington,3,2,28,35,1,8,5,6
2013,"Sun, Jan 27",Washington,Buffalo,3,2,30,24,1,3,2,2
2013,"Tue, Jan 29",Ottawa,Washington,3,2,33,27,0,2,3,4
2013,"Thu, Jan 31",Toronto,Washington,3,2,22,40,1,3,7,8
2013,"Fri, Feb 1",Washington,Philadelphia,3,2,26,31,0,5,3,3
2013,"Sun, Feb 3",Washington,Pittsburgh,3,6,24,26,1,4,1,3
2013,"Tue, Feb 5",Washington,Toronto,2,3,26,21,2,3,3,3
2013,"Thu, Feb 7",Pittsburgh,Washington,5,2,25,28,1,2,1,4
2013,"Sat, Feb 9",Washington,Florida,5,0,25,27,1,2,2,2
2013,"Tue, Feb 12",Florida,Washington,5,6,29,32,2,3,5,5
2013,"Thu, Feb 14",Tampa Bay,Washington,3,4,39,30,1,1,2,2
2013,"Sun, Feb 17",NY Rangers,Washington,2,1,28,40,0,4,4,5
2013,"Thu, Feb 21",Washington,New Jersey,2,3,19,37,2,4,5,6
2013,"Sat, Feb 23",Washington,New Jersey,5,1,26,22,2,3,3,3
2013,"Tue, Feb 26",Washington,Carolina,3,0,40,33,1,4,2,2
2013,"Wed, Feb 27",Philadelphia,Washington,4,1,24,32,0,3,1,3
2013,"Sat, Mar 2",Winnipeg,Washington,0,3,21,35,0,3,3,3
2013,"Tue, Mar 5",Washington,Boston,4,3,26,33,0,4,1,2
2013,"Thu, Mar 7",Washington,Florida,7,1,26,30,2,3,2,2
2013,"Sat, Mar 9",NY Islanders,Washington,5,2,24,45,1,3,4,6
2013,"Sun, Mar 10",Washington,NY Rangers,1,4,29,30,0,3,1,2
2013,"Tue, Mar 12",Washington,Carolina,0,4,26,36,0,2,3,3
2013,"Thu, Mar 14",Carolina,Washington,2,3,25,38,1,3,4,4
2013,"Sat, Mar 16",Boston,Washington,4,1,33,38,0,3,0,1
2013,"Sun, Mar 17",Washington,Buffalo,5,3,25,30,1,4,2,3
2013,"Tue, Mar 19",Pittsburgh,Washington,2,1,29,36,1,5,2,3
2013,"Thu, Mar 21",Winnipeg,Washington,0,4,25,20,1,3,3,3
2013,"Fri, Mar 22",Winnipeg,Washington,1,6,24,31,1,4,5,5
2013,"Sun, Mar 24",NY Rangers,Washington,2,3,24,32,1,3,1,2
2013,"Tue, Mar 26",Washington,NY Islanders,2,3,22,31,0,3,2,2
2013,"Sat, Mar 30",Buffalo,Washington,3,4,38,23,1,4,1,2
2013,"Sun, Mar 31",Philadelphia,Washington,5,4,29,34,2,7,3,4
2013,"Tue, Apr 2",Carolina,Washington,3,5,19,34,1,3,2,4
2013,"Thu, Apr 4",Washington,NY Islanders,2,1,22,36,0,2,2,2
2013,"Sat, Apr 6",Florida,Washington,3,4,31,30,3,5,1,2
2013,"Sun, Apr 7",Washington,Tampa Bay,4,2,38,30,0,2,1,2
2013,"Tue, Apr 9",Montreal,Washington,2,3,27,29,0,1,1,1
2013,"Thu, Apr 11",Washington,Carolina,3,1,31,44,1,4,2,3
2013,"Sat, Apr 13",Washington,Tampa Bay,6,5,38,40,2,5,2,2
2013,"Tue, Apr 16",Washington,Toronto,5,1,37,30,2,6,3,3
2013,"Thu, Apr 18",Ottawa,Washington,3,1,19,38,0,3,3,3
2013,"Sat, Apr 20",Montreal,Washington,1,5,25,36,2,3,5,5
2013,"Tue, Apr 23",Washington,Winnipeg,5,3,41,27,0,1,2,3
2013,"Thu, Apr 25",Washington,Ottawa,1,2,20,41,0,1,4,5
2013,"Sat, Apr 27",Washington,Boston,3,2,37,34,3,5,2,2
2013,"Sat, Jan 19",Winnipeg,Ottawa,1,4,28,37,1,6,1,2
2013,"Mon, Jan 21",Boston,Winnipeg,2,1,27,27,0,4,2,2
2013,"Tue, Jan 22",Washington,Winnipeg,2,4,39,34,2,5,3,4
2013,"Fri, Jan 25",Winnipeg,Pittsburgh,4,2,32,35,1,2,1,1
2013,"Sun, Jan 27",Winnipeg,NY Islanders,5,4,35,25,1,4,1,2
2013,"Tue, Jan 29",Montreal,Winnipeg,4,3,21,26,1,6,3,5
2013,"Thu, Jan 31",Florida,Winnipeg,6,3,25,34,0,3,3,6
2013,"Fri, Feb 1",Tampa Bay,Winnipeg,8,3,29,25,2,4,2,5
2013,"Tue, Feb 5",Winnipeg,Florida,3,2,21,19,1,4,2,2
2013,"Thu, Feb 7",Winnipeg,Toronto,2,3,25,18,0,4,3,4
2013,"Sat, Feb 9",Ottawa,Winnipeg,0,1,37,33,0,1,3,3
2013,"Tue, Feb 12",Winnipeg,Philadelphia,2,3,26,23,0,3,3,4
2013,"Fri, Feb 15",Winnipeg,Pittsburgh,1,3,26,28,0,2,2,3
2013,"Sun, Feb 17",Winnipeg,Boston,2,3,24,26,0,2,0,1
2013,"Tue, Feb 19",Buffalo,Winnipeg,1,2,28,30,0,1,3,3
2013,"Thu, Feb 21",Carolina,Winnipeg,3,4,23,30,0,4,3,3
2013,"Sat, Feb 23",Philadelphia,Winnipeg,5,3,37,39,0,4,3,6
2013,"Sun, Feb 24",New Jersey,Winnipeg,2,4,27,26,1,2,2,2
2013,"Tue, Feb 26",NY Rangers,Winnipeg,3,4,32,33,0,3,2,2
2013,"Thu, Feb 28",Winnipeg,New Jersey,3,1,21,23,0,3,3,3
2013,"Sat, Mar 2",Winnipeg,Washington,0,3,35,21,0,3,3,3
2013,"Tue, Mar 5",Florida,Winnipeg,4,1,31,26,0,0,2,2
2013,"Thu, Mar 7",Tampa Bay,Winnipeg,1,2,28,29,0,2,5,5
2013,"Fri, Mar 8",Florida,Winnipeg,2,3,28,40,0,1,4,4
2013,"Sun, Mar 10",New Jersey,Winnipeg,3,2,25,27,0,1,1,1
2013,"Tue, Mar 12",Winnipeg,Toronto,5,2,34,26,1,4,3,3
2013,"Thu, Mar 14",Winnipeg,NY Rangers,3,1,33,29,1,2,1,1
2013,"Sat, Mar 16",Toronto,Winnipeg,4,5,33,32,0,2,2,2
2013,"Sun, Mar 17",Ottawa,Winnipeg,4,1,26,42,0,3,2,4
2013,"Tue, Mar 19",Winnipeg,Boston,3,1,25,28,1,2,4,4
2013,"Thu, Mar 21",Winnipeg,Washington,0,4,20,25,0,3,2,3
2013,"Fri, Mar 22",Winnipeg,Washington,1,6,31,24,0,5,3,4
2013,"Sun, Mar 24",Winnipeg,Tampa Bay,3,2,24,25,1,3,4,5
2013,"Tue, Mar 26",Carolina,Winnipeg,1,4,35,39,1,2,3,3
2013,"Thu, Mar 28",Pittsburgh,Winnipeg,4,0,20,43,0,4,0,0
2013,"Sat, Mar 30",Winnipeg,Carolina,1,3,35,28,0,3,6,6
2013,"Mon, Apr 1",NY Rangers,Winnipeg,4,2,28,35,0,5,1,1
2013,"Tue, Apr 2",NY Islanders,Winnipeg,5,2,25,39,0,1,0,1
2013,"Thu, Apr 4",Montreal,Winnipeg,4,1,34,24,0,3,0,2
2013,"Sat, Apr 6",Winnipeg,Philadelphia,4,1,25,31,0,3,3,3
2013,"Tue, Apr 9",Winnipeg,Buffalo,4,1,30,30,0,1,3,3
2013,"Thu, Apr 11",Winnipeg,Florida,7,2,35,27,1,5,2,2
2013,"Tue, Apr 16",Winnipeg,Tampa Bay,4,3,36,27,1,3,1,1
2013,"Thu, Apr 18",Winnipeg,Carolina,4,3,31,27,1,6,1,1
2013,"Sat, Apr 20",Winnipeg,NY Islanders,4,5,28,33,1,3,5,5
2013,"Mon, Apr 22",Buffalo,Winnipeg,1,2,39,25,0,3,0,1
2013,"Tue, Apr 23",Washington,Winnipeg,5,3,27,41,1,3,1,1
2013,"Thu, Apr 25",Winnipeg,Montreal,2,4,25,30,0,2,3,4
